# NL-4: Rijkswaterstaat Waterinfo display classes (the legend classes waterinfo.rws.nl colours values with; they are
# display classes, not alert levels), from the workbook "grenswaarden en legendakleuren zoals gebruikt op Waterinfo",
# sheet ParameterLimits, one row per class: slug variants deduplicated on (Code, Description, Period, Label, From, To).
# GENERATED by scripts/convert-nl4.ts from the archived workbook below. Do not edit by hand: run
# `node scripts/convert-nl4.ts`, which reads only an archived file whose sha256 matches its pin.
# source sha256: 9c3cdbc996befccd906726b9ba94bd22516db18c9c68329556b08aa4baa12909
# edition: 2026-04-15
# from_md, to_md: the season as MMDD, both inclusive, wrapping the year when from_md > to_md; empty: all year (nvt*).
# from, to: the band [from, to) as the file states it (some have from >= to); empty: open. Where bands overlap, the
# lower priority number wins. A text cell that starts with = + - @ ' a tab or a CR carries one more leading '.
code,description,period,from_md,to_md,label,from,to,order,priority
aadorp,Waterhoogte in Oppervlaktewater t.o.v. Normaal Amsterdams Peil in cm,Gehele jaar,101,1231,Extreem hoogwater (>1070cm),1070,,1,0
aadorp,Waterhoogte in Oppervlaktewater t.o.v. Normaal Amsterdams Peil in cm,Gehele jaar,101,1231,Hoogwater (>1042cm),1042,1070,2,1
aadorp,Waterhoogte in Oppervlaktewater t.o.v. Normaal Amsterdams Peil in cm,Gehele jaar,101,1231,Verhoogde waterstand (>1030cm),1030,1042,3,2
aadorp,Waterhoogte in Oppervlaktewater t.o.v. Normaal Amsterdams Peil in cm,Gehele jaar,101,1231,Licht verhoogd (>1015cm),1016,1030,4,3
aadorp,Waterhoogte in Oppervlaktewater t.o.v. Normaal Amsterdams Peil in cm,Gehele jaar,101,1231,Verlaagde waterstand (<990cm),,989,6,4
aadorp,Waterhoogte in Oppervlaktewater t.o.v. Normaal Amsterdams Peil in cm,Gehele jaar,101,1231,Normale waterstand (990 tot 1015cm),989,1016,5,5
aarlerixtel.schabbert.boven,Waterhoogte in Oppervlaktewater t.o.v. Normaal Amsterdams Peil in cm,Gehele jaar,101,1231,Hoogwater (>1550cm),1550,,2,1
aarlerixtel.schabbert.boven,Waterhoogte in Oppervlaktewater t.o.v. Normaal Amsterdams Peil in cm,Gehele jaar,101,1231,Verhoogde waterstand (>1525cm),1526,1550,3,2
aarlerixtel.schabbert.boven,Waterhoogte in Oppervlaktewater t.o.v. Normaal Amsterdams Peil in cm,Gehele jaar,101,1231,Licht verhoogd (>1520cm),1520,1526,4,3
aarlerixtel.schabbert.boven,Waterhoogte in Oppervlaktewater t.o.v. Normaal Amsterdams Peil in cm,Gehele jaar,101,1231,Verlaagde waterstand (<1490cm),,1490,6,4
aarlerixtel.schabbert.boven,Waterhoogte in Oppervlaktewater t.o.v. Normaal Amsterdams Peil in cm,Gehele jaar,101,1231,Normaal (1490-1520cm),1490,1520,5,5
aarlerixtel.schabbert.boven,Waterhoogte in Oppervlaktewater t.o.v. Normaal Amsterdams Peil in cm,Gehele jaar,101,1231,Streefpeil (1500cm),1500,1500,0,10
alle*,(massa)Concentratie chloride in Oppervlaktewater in mg/l,nvt*,,,Zoet,0,,1,0
alle*,(massa)Concentratie chloride in Oppervlaktewater in mg/l,nvt*,,,Matig zoet,150,,2,0
alle*,(massa)Concentratie chloride in Oppervlaktewater in mg/l,nvt*,,,Licht brak,300,,3,0
alle*,(massa)Concentratie chloride in Oppervlaktewater in mg/l,nvt*,,,Zwak brak,1000,,4,0
alle*,(massa)Concentratie chloride in Oppervlaktewater in mg/l,nvt*,,,Brak,3000,,5,0
alle*,(massa)Concentratie chloride in Oppervlaktewater in mg/l,nvt*,,,Sterk brak tot zout,10000,,6,0
alle*,(massa)Concentratie chloride in Oppervlaktewater uitgedrukt in chloor in mg/l,nvt*,,,Zoet,0,,1,0
alle*,(massa)Concentratie chloride in Oppervlaktewater uitgedrukt in chloor in mg/l,nvt*,,,Matig zoet,150,,2,0
alle*,(massa)Concentratie chloride in Oppervlaktewater uitgedrukt in chloor in mg/l,nvt*,,,Licht brak,300,,3,0
alle*,(massa)Concentratie chloride in Oppervlaktewater uitgedrukt in chloor in mg/l,nvt*,,,Zwak brak,1000,,4,0
alle*,(massa)Concentratie chloride in Oppervlaktewater uitgedrukt in chloor in mg/l,nvt*,,,Brak,3000,,5,0
alle*,(massa)Concentratie chloride in Oppervlaktewater uitgedrukt in chloor in mg/l,nvt*,,,Sterk brak tot zout,10000,,6,0
alle*,Debiet in Oppervlaktewater in m3/s,nvt*,,,Extreme afvoer,,,1,0
alle*,Debiet in Oppervlaktewater in m3/s,nvt*,,,Hoge afvoer,,,2,1
alle*,Debiet in Oppervlaktewater in m3/s,nvt*,,,Verhoogde afvoer,,,3,2
alle*,Debiet in Oppervlaktewater in m3/s,nvt*,,,Licht verhoogd,,,4,3
alle*,Debiet in Oppervlaktewater in m3/s,nvt*,,,Verlaagde afvoer,,,6,4
alle*,Debiet in Oppervlaktewater in m3/s,nvt*,,,Normale afvoer,,,5,5
alle*,Debiet in Oppervlaktewater in m3/s,nvt*,,,Geen klasse-indeling,-999999999999,,7,27
alle*,Significante golfhoogte in het spectrale domein in Oppervlaktewater golffrequentie tussen 30 en 500 mHz in cm,nvt*,,,< 50,0,,1,0
alle*,Significante golfhoogte in het spectrale domein in Oppervlaktewater golffrequentie tussen 30 en 500 mHz in cm,nvt*,,,50-150,50,,2,0
alle*,Significante golfhoogte in het spectrale domein in Oppervlaktewater golffrequentie tussen 30 en 500 mHz in cm,nvt*,,,150-250,150,,3,0
alle*,Significante golfhoogte in het spectrale domein in Oppervlaktewater golffrequentie tussen 30 en 500 mHz in cm,nvt*,,,250-400,250,,4,0
alle*,Significante golfhoogte in het spectrale domein in Oppervlaktewater golffrequentie tussen 30 en 500 mHz in cm,nvt*,,,> 400,400,,5,0
alle*,Stroomsnelheid in Oppervlaktewater in m/s,nvt*,,,Geen klasse-indeling,-9999999999,,0,0
alle*,Temperatuur in Lucht in oC,nvt*,,,Geen meetwaarde,,,1,0
alle*,Temperatuur in Lucht in oC,nvt*,,,> 25,25,,2,0
alle*,Temperatuur in Lucht in oC,nvt*,,,20-25,20,,3,0
alle*,Temperatuur in Lucht in oC,nvt*,,,15-20,15,,4,0
alle*,Temperatuur in Lucht in oC,nvt*,,,10-15,10,,5,0
alle*,Temperatuur in Lucht in oC,nvt*,,,0-10,0,,6,0
alle*,Temperatuur in Lucht in oC,nvt*,,,< 0,-20,,7,0
alle*,Temperatuur in Oppervlaktewater in oC,nvt*,,,>27°C,27,,1,0
alle*,Temperatuur in Oppervlaktewater in oC,nvt*,,,23-27°C,23,,2,0
alle*,Temperatuur in Oppervlaktewater in oC,nvt*,,,20-23°C,20,,3,0
alle*,Temperatuur in Oppervlaktewater in oC,nvt*,,,17-20°C,17,,4,0
alle*,Temperatuur in Oppervlaktewater in oC,nvt*,,,14-17°C,14,,5,0
alle*,Temperatuur in Oppervlaktewater in oC,nvt*,,,<14°C,-10,,6,0
alle*,Waterhoogte astronomisch in Oppervlaktewater t.o.v. Mean Sea Level in cm,nvt*,,,> 940,940,,0,0
alle*,Waterhoogte astronomisch in Oppervlaktewater t.o.v. Mean Sea Level in cm,nvt*,,,t.o.v. MSL,,,0,0
alle*,Waterhoogte astronomisch in Oppervlaktewater t.o.v. Mean Sea Level in cm,nvt*,,,t.o.v. NAP,,,0,0
alle*,Waterhoogte astronomisch in Oppervlaktewater t.o.v. Normaal Amsterdams Peil in cm,nvt*,,,> 920,920,,0,0
alle*,Waterhoogte astronomisch in Oppervlaktewater t.o.v. Normaal Amsterdams Peil in cm,nvt*,,,t.o.v. MSL,,,0,0
alle*,Waterhoogte astronomisch in Oppervlaktewater t.o.v. Normaal Amsterdams Peil in cm,nvt*,,,t.o.v. NAP,,,0,0
alle*,Waterhoogte in Oppervlaktewater t.o.v. Normaal Amsterdams Peil in cm,nvt*,,,Extreem hoogwater,,,1,0
alle*,Waterhoogte in Oppervlaktewater t.o.v. Normaal Amsterdams Peil in cm,nvt*,,,Hoogwater / Stormvloed,,,2,1
alle*,Waterhoogte in Oppervlaktewater t.o.v. Normaal Amsterdams Peil in cm,nvt*,,,Verhoogde waterstand,,,3,2
alle*,Waterhoogte in Oppervlaktewater t.o.v. Normaal Amsterdams Peil in cm,nvt*,,,Licht verhoogd,,,4,3
alle*,Waterhoogte in Oppervlaktewater t.o.v. Normaal Amsterdams Peil in cm,nvt*,,,Verlaagde waterstand,,,6,4
alle*,Waterhoogte in Oppervlaktewater t.o.v. Normaal Amsterdams Peil in cm,nvt*,,,Normale waterstand,,,5,5
alle*,Waterhoogte in Oppervlaktewater t.o.v. Normaal Amsterdams Peil in cm,nvt*,,,Streefpeil,,,0,10
alle*,Waterhoogte in Oppervlaktewater t.o.v. Normaal Amsterdams Peil in cm,nvt*,,,Geen klasse-indeling,-999999999,,7,39
alle*,Windsnelheid in Lucht t.o.v. Mean Sea Level in m/s,nvt*,,,≥12 Bft (≥ 32.6 m/s),32.6,,5,0
alle*,Windsnelheid in Lucht t.o.v. Mean Sea Level in m/s,nvt*,,,10 - 11 Bft (24.5 - 32.6 m/s),24.5,,4,1
alle*,Windsnelheid in Lucht t.o.v. Mean Sea Level in m/s,nvt*,,,8 - 9 Bft (17.2 - 24.5 m/s),17.2,,3,2
alle*,Windsnelheid in Lucht t.o.v. Mean Sea Level in m/s,nvt*,,,6 - 7 Bft (10.8 - 17.2 m/s),10.8,,2,3
alle*,Windsnelheid in Lucht t.o.v. Mean Sea Level in m/s,nvt*,,,≤ 5 Bft (≤ 10.8 m/s),0,,1,4
alle*,Windsnelheid in Lucht t.o.v. Mean Sea Level in m/s,nvt*,,,Windrichting verwacht,-99999999,,6,5
almen,Debiet in Oppervlaktewater in m3/s,Gehele jaar,101,1231,Hoge afvoer (>100m3/s),100,,2,1
almen,Debiet in Oppervlaktewater in m3/s,Gehele jaar,101,1231,Verhoogde afvoer (>75m3/s),75,100,3,2
almen,Debiet in Oppervlaktewater in m3/s,Gehele jaar,101,1231,Licht verhoogde afvoer (>50m3/s),50,75,4,3
almen,Debiet in Oppervlaktewater in m3/s,Gehele jaar,101,1231,Verhoogde aanvoer (>30m3/s),,-30,6,4
almen,Debiet in Oppervlaktewater in m3/s,Gehele jaar,101,1231,Normaal (-30 tot 50m3/s),-30,50,5,5
almen,Waterhoogte in Oppervlaktewater t.o.v. Normaal Amsterdams Peil in cm,Gehele jaar,101,1231,Extreem hoog water (>1080cm),1080,,1,0
almen,Waterhoogte in Oppervlaktewater t.o.v. Normaal Amsterdams Peil in cm,Gehele jaar,101,1231,Hoog water (>1035cm),1035,1080,2,1
almen,Waterhoogte in Oppervlaktewater t.o.v. Normaal Amsterdams Peil in cm,Gehele jaar,101,1231,Verhoogd (>1030cm),1030,1035,3,2
almen,Waterhoogte in Oppervlaktewater t.o.v. Normaal Amsterdams Peil in cm,Gehele jaar,101,1231,Licht verhoogd (>1010cm),1011,1030,4,3
almen,Waterhoogte in Oppervlaktewater t.o.v. Normaal Amsterdams Peil in cm,Gehele jaar,101,1231,Verlaagd (<990cm),,989,6,4
almen,Waterhoogte in Oppervlaktewater t.o.v. Normaal Amsterdams Peil in cm,Gehele jaar,101,1231,Normaal (990 - 1010cm),989,1011,5,5
almere.hollandsebrug,Waterhoogte in Oppervlaktewater t.o.v. Normaal Amsterdams Peil in cm,Gehele jaar,101,1231,Extreem hoogwater (>80cm),80,,1,0
almere.hollandsebrug,Waterhoogte in Oppervlaktewater t.o.v. Normaal Amsterdams Peil in cm,Gehele jaar,101,1231,Hoogwater (>60cm),60,80,2,1
almere.hollandsebrug,Waterhoogte in Oppervlaktewater t.o.v. Normaal Amsterdams Peil in cm,Gehele jaar,101,1231,Verhoogde waterstand (>20cm),20,60,3,2
almere.hollandsebrug,Waterhoogte in Oppervlaktewater t.o.v. Normaal Amsterdams Peil in cm,Gehele jaar,101,1231,Licht verhoogd (>5cm),5,20,4,3
almere.hollandsebrug,Waterhoogte in Oppervlaktewater t.o.v. Normaal Amsterdams Peil in cm,Gehele jaar,101,1231,Verlaagde waterstand (<-65cm),,-65,6,4
almere.hollandsebrug,Waterhoogte in Oppervlaktewater t.o.v. Normaal Amsterdams Peil in cm,Gehele jaar,101,1231,Normale waterstand (-65 tot 5cm),-65,5,5,5
ameland.nes,Waterhoogte in Oppervlaktewater t.o.v. Normaal Amsterdams Peil in cm,Gehele jaar,101,1231,Extreem hoogwater (> 380cm),380,,1,0
ameland.nes,Waterhoogte in Oppervlaktewater t.o.v. Normaal Amsterdams Peil in cm,Gehele jaar,101,1231,Stormvloed (> 310cm),310,380,2,1
ameland.nes,Waterhoogte in Oppervlaktewater t.o.v. Normaal Amsterdams Peil in cm,Gehele jaar,101,1231,Verhoogde waterstand (> 245cm),245,310,3,2
ameland.nes,Waterhoogte in Oppervlaktewater t.o.v. Normaal Amsterdams Peil in cm,Gehele jaar,101,1231,Licht verhoogd (>230cm),230,245,4,3
ameland.nes,Waterhoogte in Oppervlaktewater t.o.v. Normaal Amsterdams Peil in cm,Gehele jaar,101,1231,Laagwater (< -172cm),,-172,6,4
ameland.nes,Waterhoogte in Oppervlaktewater t.o.v. Normaal Amsterdams Peil in cm,Gehele jaar,101,1231,Normaal (-172 tot 230cm),-172,230,5,5
amerongen.beneden,Waterhoogte in Oppervlaktewater t.o.v. Normaal Amsterdams Peil in cm,Gehele jaar,101,1231,Extreem hoogwater (> 820cm),820,,1,0
amerongen.beneden,Waterhoogte in Oppervlaktewater t.o.v. Normaal Amsterdams Peil in cm,Gehele jaar,101,1231,Hoogwater (> 705cm),705,820,2,1
amerongen.beneden,Waterhoogte in Oppervlaktewater t.o.v. Normaal Amsterdams Peil in cm,Gehele jaar,101,1231,Verhoogde waterstand (> 545cm),545,705,3,2
amerongen.beneden,Waterhoogte in Oppervlaktewater t.o.v. Normaal Amsterdams Peil in cm,Gehele jaar,101,1231,Licht verhoogd (>450cm),450,545,4,3
amerongen.beneden,Waterhoogte in Oppervlaktewater t.o.v. Normaal Amsterdams Peil in cm,Gehele jaar,101,1231,Verlaagde waterstand (< 270cm),,270,6,4
amerongen.beneden,Waterhoogte in Oppervlaktewater t.o.v. Normaal Amsterdams Peil in cm,Gehele jaar,101,1231,Normaal (270 tot 450cm),270,450,5,5
amerongen.boven,Waterhoogte in Oppervlaktewater t.o.v. Normaal Amsterdams Peil in cm,Gehele jaar,101,1231,Extreem hoogwater (>825cm),825,,1,0
amerongen.boven,Waterhoogte in Oppervlaktewater t.o.v. Normaal Amsterdams Peil in cm,Gehele jaar,101,1231,Hoogwater (>715cm),715,825,2,1
amerongen.boven,Waterhoogte in Oppervlaktewater t.o.v. Normaal Amsterdams Peil in cm,Gehele jaar,101,1231,Verhoogde waterstand (>620cm),620,715,3,2
amerongen.boven,Waterhoogte in Oppervlaktewater t.o.v. Normaal Amsterdams Peil in cm,Gehele jaar,101,1231,Licht verhoogd (>615cm),615,620,4,3
amerongen.boven,Waterhoogte in Oppervlaktewater t.o.v. Normaal Amsterdams Peil in cm,Gehele jaar,101,1231,Verlaagde waterstand (<450cm),,450,6,4
amerongen.boven,Waterhoogte in Oppervlaktewater t.o.v. Normaal Amsterdams Peil in cm,Gehele jaar,101,1231,Normale waterstand (450 tot 615cm),450,615,5,5
amsterdam.schellingwouderbrug,Waterhoogte in Oppervlaktewater t.o.v. Normaal Amsterdams Peil in cm,Gehele jaar,101,1231,Extreem hoogwater (>120cm),120,,1,0
amsterdam.schellingwouderbrug,Waterhoogte in Oppervlaktewater t.o.v. Normaal Amsterdams Peil in cm,Gehele jaar,101,1231,Hoogwater (>80cm),80,120,2,1
amsterdam.schellingwouderbrug,Waterhoogte in Oppervlaktewater t.o.v. Normaal Amsterdams Peil in cm,Gehele jaar,101,1231,Verhoogde waterstand (>40cm),40,80,3,2
amsterdam.schellingwouderbrug,Waterhoogte in Oppervlaktewater t.o.v. Normaal Amsterdams Peil in cm,Gehele jaar,101,1231,Licht verhoogd (>10cm),10,40,4,3
amsterdam.schellingwouderbrug,Waterhoogte in Oppervlaktewater t.o.v. Normaal Amsterdams Peil in cm,Gehele jaar,101,1231,Verlaagde waterstand (<-70cm),,-70,6,4
amsterdam.schellingwouderbrug,Waterhoogte in Oppervlaktewater t.o.v. Normaal Amsterdams Peil in cm,Gehele jaar,101,1231,Normale waterstand (-70 tot 10cm),-70,10,5,5
amsterdam.surinamekade,Waterhoogte in Oppervlaktewater t.o.v. Normaal Amsterdams Peil in cm,Gehele jaar,101,1231,Extreem hoogwater (> 0cm),0,,1,0
amsterdam.surinamekade,Waterhoogte in Oppervlaktewater t.o.v. Normaal Amsterdams Peil in cm,Gehele jaar,101,1231,Hoogwater (> -15cm),-15,0,2,1
amsterdam.surinamekade,Waterhoogte in Oppervlaktewater t.o.v. Normaal Amsterdams Peil in cm,Gehele jaar,101,1231,Verhoogde waterstand (> -25cm),-25,-15,3,2
amsterdam.surinamekade,Waterhoogte in Oppervlaktewater t.o.v. Normaal Amsterdams Peil in cm,Gehele jaar,101,1231,Licht vehoogd (>-32cm),-32,-25,4,3
amsterdam.surinamekade,Waterhoogte in Oppervlaktewater t.o.v. Normaal Amsterdams Peil in cm,Gehele jaar,101,1231,Laagwater (< -55cm),,-55,6,4
amsterdam.surinamekade,Waterhoogte in Oppervlaktewater t.o.v. Normaal Amsterdams Peil in cm,Gehele jaar,101,1231,Normaal (-55 tot -32cm),-55,-32,5,5
amsterdam.surinamekade,Waterhoogte in Oppervlaktewater t.o.v. Normaal Amsterdams Peil in cm,Gehele jaar,101,1231,Streefpeil (-40cm),-40,-40,0,10
arnemuiden.oranjeplaat,Waterhoogte in Oppervlaktewater t.o.v. Normaal Amsterdams Peil in cm,VeerseMeerWinter,1103,327,Verhoogde waterstand (> -10cm),-10,,3,2
arnemuiden.oranjeplaat,Waterhoogte in Oppervlaktewater t.o.v. Normaal Amsterdams Peil in cm,VeerseMeerWinter,1103,327,Licht verhoogd (>-15cm),-15,-10,4,3
arnemuiden.oranjeplaat,Waterhoogte in Oppervlaktewater t.o.v. Normaal Amsterdams Peil in cm,VeerseMeerWinter,1103,327,Verlaagde waterstand (<-46cm),,-46,6,4
arnemuiden.oranjeplaat,Waterhoogte in Oppervlaktewater t.o.v. Normaal Amsterdams Peil in cm,VeerseMeerWinter,1103,327,Normale waterstand (-45 tot -15cm),-46,-15,5,5
arnemuiden.oranjeplaat,Waterhoogte in Oppervlaktewater t.o.v. Normaal Amsterdams Peil in cm,VeerseMeerWinter2Zomer,328,406,Verhoogde waterstand (> 5cm),6,,3,2
arnemuiden.oranjeplaat,Waterhoogte in Oppervlaktewater t.o.v. Normaal Amsterdams Peil in cm,VeerseMeerWinter2Zomer,328,406,Verlaagde waterstand (<-46cm),,-46,6,4
arnemuiden.oranjeplaat,Waterhoogte in Oppervlaktewater t.o.v. Normaal Amsterdams Peil in cm,VeerseMeerWinter2Zomer,328,406,Normale waterstand (-45 tot 5cm),-46,6,5,5
arnemuiden.oranjeplaat,Waterhoogte in Oppervlaktewater t.o.v. Normaal Amsterdams Peil in cm,VeerseMeerZomer,407,1022,Verhoogde waterstand (> 10cm),10,,3,2
arnemuiden.oranjeplaat,Waterhoogte in Oppervlaktewater t.o.v. Normaal Amsterdams Peil in cm,VeerseMeerZomer,407,1022,Licht verhoogd (>5cm),5,10,4,3
arnemuiden.oranjeplaat,Waterhoogte in Oppervlaktewater t.o.v. Normaal Amsterdams Peil in cm,VeerseMeerZomer,407,1022,Verlaagde waterstand (<-20cm),,-21,6,4
arnemuiden.oranjeplaat,Waterhoogte in Oppervlaktewater t.o.v. Normaal Amsterdams Peil in cm,VeerseMeerZomer,407,1022,Normale waterstand (-20 tot 5cm),-21,5,5,5
arnemuiden.oranjeplaat,Waterhoogte in Oppervlaktewater t.o.v. Normaal Amsterdams Peil in cm,VeerseMeerZomer2Winter,1023,1102,Verhoogde waterstand (> 5cm),6,,3,2
arnemuiden.oranjeplaat,Waterhoogte in Oppervlaktewater t.o.v. Normaal Amsterdams Peil in cm,VeerseMeerZomer2Winter,1023,1102,Verlaagde waterstand (<-46cm),,-46,6,4
arnemuiden.oranjeplaat,Waterhoogte in Oppervlaktewater t.o.v. Normaal Amsterdams Peil in cm,VeerseMeerZomer2Winter,1023,1102,Normale waterstand (-45 tot 5cm),-46,6,5,5
arnhem.nederrijn,Debiet in Oppervlaktewater in m3/s,Gehele jaar,101,1231,Extreme afvoer (>2500m3/s),2500,,1,0
arnhem.nederrijn,Debiet in Oppervlaktewater in m3/s,Gehele jaar,101,1231,Hoge afvoer (>1500m3/s),1500,2500,2,1
arnhem.nederrijn,Debiet in Oppervlaktewater in m3/s,Gehele jaar,101,1231,Verhoogde afvoer (>1050m3/s),1050,1500,3,2
arnhem.nederrijn,Debiet in Oppervlaktewater in m3/s,Gehele jaar,101,1231,Licht verhoogd (>720 m3/s),720,1050,4,3
arnhem.nederrijn,Debiet in Oppervlaktewater in m3/s,Gehele jaar,101,1231,Verlaagde afvoer (<10m3/s),,10,6,4
arnhem.nederrijn,Debiet in Oppervlaktewater in m3/s,Gehele jaar,101,1231,Normaal (10 tot 720m3/s),10,720,5,5
arnhem.nederrijn,Waterhoogte in Oppervlaktewater t.o.v. Normaal Amsterdams Peil in cm,Gehele jaar,101,1231,Extreem hoogwater (>1320cm),1320,,1,0
arnhem.nederrijn,Waterhoogte in Oppervlaktewater t.o.v. Normaal Amsterdams Peil in cm,Gehele jaar,101,1231,Hoogwater (1225cm),1225,1320,2,1
arnhem.nederrijn,Waterhoogte in Oppervlaktewater t.o.v. Normaal Amsterdams Peil in cm,Gehele jaar,101,1231,Verhoogd (>1080cm),1080,1225,3,2
arnhem.nederrijn,Waterhoogte in Oppervlaktewater t.o.v. Normaal Amsterdams Peil in cm,Gehele jaar,101,1231,Licht verhoogd (>995cm),995,1080,4,3
arnhem.nederrijn,Waterhoogte in Oppervlaktewater t.o.v. Normaal Amsterdams Peil in cm,Gehele jaar,101,1231,Verlaagd (<695cm),,695,6,4
arnhem.nederrijn,Waterhoogte in Oppervlaktewater t.o.v. Normaal Amsterdams Peil in cm,Gehele jaar,101,1231,Normaal (695 tot 995cm),695,995,5,5
belfeld.boven,Waterhoogte in Oppervlaktewater t.o.v. Normaal Amsterdams Peil in cm,Gehele jaar,101,1231,Extreem hoogwater (> 1850cm),1850,,1,0
belfeld.boven,Waterhoogte in Oppervlaktewater t.o.v. Normaal Amsterdams Peil in cm,Gehele jaar,101,1231,Hoogwater (> 1715cm),1715,1850,2,1
belfeld.boven,Waterhoogte in Oppervlaktewater t.o.v. Normaal Amsterdams Peil in cm,Gehele jaar,101,1231,Verhoogde waterstand (> 1500cm),1500,1715,3,2
belfeld.boven,Waterhoogte in Oppervlaktewater t.o.v. Normaal Amsterdams Peil in cm,Gehele jaar,101,1231,Licht verhoogd (>1430cm),1430,1500,4,3
belfeld.boven,Waterhoogte in Oppervlaktewater t.o.v. Normaal Amsterdams Peil in cm,Gehele jaar,101,1231,Verlaagde waterstand(< 1390cm),,1390,6,4
belfeld.boven,Waterhoogte in Oppervlaktewater t.o.v. Normaal Amsterdams Peil in cm,Gehele jaar,101,1231,Normaal (1390 tot 1430cm),1390,1430,5,5
bommenede,Waterhoogte in Oppervlaktewater t.o.v. Normaal Amsterdams Peil in cm,Grevelingen_broedseizoen,401,715,Verhoogde waterstand (>-18cm),-17,,3,2
bommenede,Waterhoogte in Oppervlaktewater t.o.v. Normaal Amsterdams Peil in cm,Grevelingen_broedseizoen,401,715,Verlaagde waterstand (<-32cm),,-33,6,4
bommenede,Waterhoogte in Oppervlaktewater t.o.v. Normaal Amsterdams Peil in cm,Grevelingen_broedseizoen,401,715,Normale waterstand (-32 tot -18cm),-33,-17,5,5
bommenede,Waterhoogte in Oppervlaktewater t.o.v. Normaal Amsterdams Peil in cm,Grevelingen_buitenbroedseizoen,716,331,Verhoogde waterstand (>-5cm),-4,,3,2
bommenede,Waterhoogte in Oppervlaktewater t.o.v. Normaal Amsterdams Peil in cm,Grevelingen_buitenbroedseizoen,716,331,Verlaagde waterstand (<-35cm),,-36,6,4
bommenede,Waterhoogte in Oppervlaktewater t.o.v. Normaal Amsterdams Peil in cm,Grevelingen_buitenbroedseizoen,716,331,Normale waterstand (-35 tot -5cm),-36,-4,5,5
botlek.geulhaven,Waterhoogte in Oppervlaktewater t.o.v. Normaal Amsterdams Peil in cm,Gehele jaar,101,1231,Verhoogd (>220cm),220,,3,2
botlek.geulhaven,Waterhoogte in Oppervlaktewater t.o.v. Normaal Amsterdams Peil in cm,Gehele jaar,101,1231,Licht verhoogd (>200cm),200,220,4,3
botlek.geulhaven,Waterhoogte in Oppervlaktewater t.o.v. Normaal Amsterdams Peil in cm,Gehele jaar,101,1231,Verlaagd (<-80cm),,-80,6,4
botlek.geulhaven,Waterhoogte in Oppervlaktewater t.o.v. Normaal Amsterdams Peil in cm,Gehele jaar,101,1231,Normaal (-80 tot 200cm),-80,200,5,5
breda,Waterhoogte in Oppervlaktewater t.o.v. Normaal Amsterdams Peil in cm,Gehele jaar,101,1231,Licht verhoogd (>90cm),90,,4,3
breda,Waterhoogte in Oppervlaktewater t.o.v. Normaal Amsterdams Peil in cm,Gehele jaar,101,1231,Verlaagd (<-30cm),,-30,6,4
breda,Waterhoogte in Oppervlaktewater t.o.v. Normaal Amsterdams Peil in cm,Gehele jaar,101,1231,Normaal (-30 tot 90cm),-30,90,5,5
breskens.handelshaven,Waterhoogte in Oppervlaktewater t.o.v. Normaal Amsterdams Peil in cm,Gehele jaar,101,1231,Extreem hoogwater (>430cm),430,,1,0
breskens.handelshaven,Waterhoogte in Oppervlaktewater t.o.v. Normaal Amsterdams Peil in cm,Gehele jaar,101,1231,Stormvloed (>380cm),380,430,2,1
breskens.handelshaven,Waterhoogte in Oppervlaktewater t.o.v. Normaal Amsterdams Peil in cm,Gehele jaar,101,1231,Verhoogde waterstand (>335cm),335,380,3,2
breskens.handelshaven,Waterhoogte in Oppervlaktewater t.o.v. Normaal Amsterdams Peil in cm,Gehele jaar,101,1231,Licht verhoogd (>320cm),320,335,4,3
breskens.handelshaven,Waterhoogte in Oppervlaktewater t.o.v. Normaal Amsterdams Peil in cm,Gehele jaar,101,1231,Verlaagd (<-252cm),,-252,6,4
breskens.handelshaven,Waterhoogte in Oppervlaktewater t.o.v. Normaal Amsterdams Peil in cm,Gehele jaar,101,1231,Normaal (-252 tot 320cm),-252,320,5,5
brouwersdam.brouwershavensegat.2,Waterhoogte in Oppervlaktewater t.o.v. Normaal Amsterdams Peil in cm,Gehele jaar,101,1231,Extreem hoogwater (> 380cm),380,,1,0
brouwersdam.brouwershavensegat.2,Waterhoogte in Oppervlaktewater t.o.v. Normaal Amsterdams Peil in cm,Gehele jaar,101,1231,Stormvloed (> 320cm),320,380,2,1
brouwersdam.brouwershavensegat.2,Waterhoogte in Oppervlaktewater t.o.v. Normaal Amsterdams Peil in cm,Gehele jaar,101,1231,Verhoogde waterstand (> 260cm),260,320,3,2
brouwersdam.brouwershavensegat.2,Waterhoogte in Oppervlaktewater t.o.v. Normaal Amsterdams Peil in cm,Gehele jaar,101,1231,Licht verhoogd (>240cm),240,260,4,3
brouwersdam.brouwershavensegat.2,Waterhoogte in Oppervlaktewater t.o.v. Normaal Amsterdams Peil in cm,Gehele jaar,101,1231,Verlaagde waterstand (< -155cm),,-155,6,4
brouwersdam.brouwershavensegat.2,Waterhoogte in Oppervlaktewater t.o.v. Normaal Amsterdams Peil in cm,Gehele jaar,101,1231,Normale waterstand (-155 tot 240cm),-155,240,5,5
brouwersdam.spui.binnen.schuif6,Waterhoogte in Oppervlaktewater t.o.v. Normaal Amsterdams Peil in cm,Grevelingen_broedseizoen,401,715,Verhoogde waterstand (>-18cm),-17,,3,2
brouwersdam.spui.binnen.schuif6,Waterhoogte in Oppervlaktewater t.o.v. Normaal Amsterdams Peil in cm,Grevelingen_broedseizoen,401,715,Verlaagd (<-32cm),,-33,6,4
brouwersdam.spui.binnen.schuif6,Waterhoogte in Oppervlaktewater t.o.v. Normaal Amsterdams Peil in cm,Grevelingen_broedseizoen,401,715,Normaal (-32 tot -18cm),-33,-17,5,5
brouwersdam.spui.binnen.schuif6,Waterhoogte in Oppervlaktewater t.o.v. Normaal Amsterdams Peil in cm,Grevelingen_buitenbroedseizoen,716,331,Verhoogd (>-5cm),-4,,3,2
brouwersdam.spui.binnen.schuif6,Waterhoogte in Oppervlaktewater t.o.v. Normaal Amsterdams Peil in cm,Grevelingen_buitenbroedseizoen,716,331,Verlaagd (<-35cm),,-36,6,4
brouwersdam.spui.binnen.schuif6,Waterhoogte in Oppervlaktewater t.o.v. Normaal Amsterdams Peil in cm,Grevelingen_buitenbroedseizoen,716,331,Normaal (-35 tot - 5cm),-36,-4,5,5
brouwersdam.spui.buiten.schuif2,Waterhoogte in Oppervlaktewater t.o.v. Normaal Amsterdams Peil in cm,Gehele jaar,101,1231,Verhoogde waterstand (>270cm),270,,3,2
brouwersdam.spui.buiten.schuif2,Waterhoogte in Oppervlaktewater t.o.v. Normaal Amsterdams Peil in cm,Gehele jaar,101,1231,Verlaagde waterstand (<-165cm),,-166,6,4
brouwersdam.spui.buiten.schuif2,Waterhoogte in Oppervlaktewater t.o.v. Normaal Amsterdams Peil in cm,Gehele jaar,101,1231,Normale waterstand (-165 tot 270cm),-166,270,5,5
buggenum,Waterhoogte in Oppervlaktewater t.o.v. Normaal Amsterdams Peil in cm,Gehele jaar,101,1231,Extreem hoogwater (> 1985cm),1985,,1,0
buggenum,Waterhoogte in Oppervlaktewater t.o.v. Normaal Amsterdams Peil in cm,Gehele jaar,101,1231,Hoogwater (> 1855cm),1855,1985,2,1
buggenum,Waterhoogte in Oppervlaktewater t.o.v. Normaal Amsterdams Peil in cm,Gehele jaar,101,1231,Verhoogde waterstand (> 1625cm),1625,1855,3,2
buggenum,Waterhoogte in Oppervlaktewater t.o.v. Normaal Amsterdams Peil in cm,Gehele jaar,101,1231,Licht verhoogd (>1525cm),1525,1625,4,3
buggenum,Waterhoogte in Oppervlaktewater t.o.v. Normaal Amsterdams Peil in cm,Gehele jaar,101,1231,Laagwater (< 1375cm),,1375,6,4
buggenum,Waterhoogte in Oppervlaktewater t.o.v. Normaal Amsterdams Peil in cm,Gehele jaar,101,1231,Normaal (> 1375cm),1375,1525,5,5
buitenhuizen,Waterhoogte in Oppervlaktewater t.o.v. Normaal Amsterdams Peil in cm,Gehele jaar,101,1231,Extreem hoogwater (> 0cm),0,,1,0
buitenhuizen,Waterhoogte in Oppervlaktewater t.o.v. Normaal Amsterdams Peil in cm,Gehele jaar,101,1231,Hoogwater (> -15cm),-15,0,2,1
buitenhuizen,Waterhoogte in Oppervlaktewater t.o.v. Normaal Amsterdams Peil in cm,Gehele jaar,101,1231,Verhoogde waterstand (> -25cm),-25,-15,3,2
buitenhuizen,Waterhoogte in Oppervlaktewater t.o.v. Normaal Amsterdams Peil in cm,Gehele jaar,101,1231,Licht verhoogd (>-30cm),-30,-25,4,3
buitenhuizen,Waterhoogte in Oppervlaktewater t.o.v. Normaal Amsterdams Peil in cm,Gehele jaar,101,1231,Laagwater (< -55cm),,-55,6,4
buitenhuizen,Waterhoogte in Oppervlaktewater t.o.v. Normaal Amsterdams Peil in cm,Gehele jaar,101,1231,Normaal (> -55cm),-55,-30,5,5
buitenhuizen,Waterhoogte in Oppervlaktewater t.o.v. Normaal Amsterdams Peil in cm,Gehele jaar,101,1231,Streefpeil (-40cm),-40,-40,0,10
bunde.kanaal,Waterhoogte in Oppervlaktewater t.o.v. Normaal Amsterdams Peil in cm,Gehele jaar,101,1231,Verhoogd (4450cm),4450,,3,2
bunde.kanaal,Waterhoogte in Oppervlaktewater t.o.v. Normaal Amsterdams Peil in cm,Gehele jaar,101,1231,Licht verhoogde waterstand (>4430cm),4430,4450,4,3
bunde.kanaal,Waterhoogte in Oppervlaktewater t.o.v. Normaal Amsterdams Peil in cm,Gehele jaar,101,1231,Verlaagde waterstand (<4380cm),,4379,6,4
bunde.kanaal,Waterhoogte in Oppervlaktewater t.o.v. Normaal Amsterdams Peil in cm,Gehele jaar,101,1231,Normale waterstand (4380 tot 4430cm),4379,4430,5,5
bunde.kanaal,Waterhoogte in Oppervlaktewater t.o.v. Normaal Amsterdams Peil in cm,Gehele jaar,101,1231,Streefpeil (4405cm),4405,4405,0,10
burgum.burgumerdaam.boezem,Waterhoogte in Oppervlaktewater t.o.v. Normaal Amsterdams Peil in cm,Gehele jaar,101,1231,Licht verhoogd (>-29cm),-29,,4,3
burgum.burgumerdaam.boezem,Waterhoogte in Oppervlaktewater t.o.v. Normaal Amsterdams Peil in cm,Gehele jaar,101,1231,Verlaagd (<-66cm),,-66,6,4
burgum.burgumerdaam.boezem,Waterhoogte in Oppervlaktewater t.o.v. Normaal Amsterdams Peil in cm,Gehele jaar,101,1231,Normaal (-66 tot -29cm),-66,-29,5,5
cadzand.2,Waterhoogte in Oppervlaktewater t.o.v. Normaal Amsterdams Peil in cm,Gehele jaar,101,1231,Extreem hoogwater (>430cm),430,,1,0
cadzand.2,Waterhoogte in Oppervlaktewater t.o.v. Normaal Amsterdams Peil in cm,Gehele jaar,101,1231,Stormvloed (> 370cm),370,430,2,1
cadzand.2,Waterhoogte in Oppervlaktewater t.o.v. Normaal Amsterdams Peil in cm,Gehele jaar,101,1231,Verhoogde waterstand (> 340cm),340,370,3,2
cadzand.2,Waterhoogte in Oppervlaktewater t.o.v. Normaal Amsterdams Peil in cm,Gehele jaar,101,1231,Licht verhoogd (>300cm),300,340,4,3
cadzand.2,Waterhoogte in Oppervlaktewater t.o.v. Normaal Amsterdams Peil in cm,Gehele jaar,101,1231,Verlaagde waterstand (< -252cm),,-252,6,4
cadzand.2,Waterhoogte in Oppervlaktewater t.o.v. Normaal Amsterdams Peil in cm,Gehele jaar,101,1231,Normale waterstand (-252 tot 300cm),-252,300,5,5
culemborg,Waterhoogte in Oppervlaktewater t.o.v. Normaal Amsterdams Peil in cm,Gehele jaar,101,1231,Extreem hoogwater (> 615cm),625,,1,0
culemborg,Waterhoogte in Oppervlaktewater t.o.v. Normaal Amsterdams Peil in cm,Gehele jaar,101,1231,Hoogwater (> 500cm),500,625,2,1
culemborg,Waterhoogte in Oppervlaktewater t.o.v. Normaal Amsterdams Peil in cm,Gehele jaar,101,1231,Verhoogde waterstand (> 385cm),385,500,3,2
culemborg,Waterhoogte in Oppervlaktewater t.o.v. Normaal Amsterdams Peil in cm,Gehele jaar,101,1231,Licht verhoogd (>350cm),350,385,4,3
culemborg,Waterhoogte in Oppervlaktewater t.o.v. Normaal Amsterdams Peil in cm,Gehele jaar,101,1231,Laagwater (< 250cm),,250,6,4
culemborg,Waterhoogte in Oppervlaktewater t.o.v. Normaal Amsterdams Peil in cm,Gehele jaar,101,1231,Normaal (250 tot 350cm),250,350,5,5
dalem,Waterhoogte in Oppervlaktewater t.o.v. Normaal Amsterdams Peil in cm,Gehele jaar,101,1231,Extreem hoogwater (> 485cm),485,,1,0
dalem,Waterhoogte in Oppervlaktewater t.o.v. Normaal Amsterdams Peil in cm,Gehele jaar,101,1231,Hoogwater / Stormvloed (> 375cm),375,485,2,1
dalem,Waterhoogte in Oppervlaktewater t.o.v. Normaal Amsterdams Peil in cm,Gehele jaar,101,1231,Verhoogde waterstand (> 240cm),240,375,3,2
dalem,Waterhoogte in Oppervlaktewater t.o.v. Normaal Amsterdams Peil in cm,Gehele jaar,101,1231,Licht verhoogd (>200cm),200,240,4,3
dalem,Waterhoogte in Oppervlaktewater t.o.v. Normaal Amsterdams Peil in cm,Gehele jaar,101,1231,Laagwater (< 25cm),,25,6,4
dalem,Waterhoogte in Oppervlaktewater t.o.v. Normaal Amsterdams Peil in cm,Gehele jaar,101,1231,Normaal (> 25cm),25,200,5,5
dalfsen.vechterweerd,Waterhoogte in Oppervlaktewater t.o.v. Normaal Amsterdams Peil in cm,Gehele jaar,101,1231,Hoogwater (>255cm),255,,2,1
dalfsen.vechterweerd,Waterhoogte in Oppervlaktewater t.o.v. Normaal Amsterdams Peil in cm,Gehele jaar,101,1231,Verhoogde waterstand (>155cm),155,255,3,2
dalfsen.vechterweerd,Waterhoogte in Oppervlaktewater t.o.v. Normaal Amsterdams Peil in cm,Gehele jaar,101,1231,Licht verhoogd (>125cm),125,155,4,3
dalfsen.vechterweerd,Waterhoogte in Oppervlaktewater t.o.v. Normaal Amsterdams Peil in cm,Gehele jaar,101,1231,Verlaagde waterstand (<-50cm),,-50,6,4
dalfsen.vechterweerd,Waterhoogte in Oppervlaktewater t.o.v. Normaal Amsterdams Peil in cm,Gehele jaar,101,1231,Normaal (-50 tot 125cm),-50,125,5,5
delden.sluis.beneden,Waterhoogte in Oppervlaktewater t.o.v. Normaal Amsterdams Peil in cm,Gehele jaar,101,1231,Extreem hoogwater (>1080cm),1080,,1,0
delden.sluis.beneden,Waterhoogte in Oppervlaktewater t.o.v. Normaal Amsterdams Peil in cm,Gehele jaar,101,1231,Hoogwater (>1042cm),1042,1080,2,1
delden.sluis.beneden,Waterhoogte in Oppervlaktewater t.o.v. Normaal Amsterdams Peil in cm,Gehele jaar,101,1231,Verhoogde waterstand (>1030cm),1031,1042,3,2
delden.sluis.beneden,Waterhoogte in Oppervlaktewater t.o.v. Normaal Amsterdams Peil in cm,Gehele jaar,101,1231,Licht verhoogd (>1015cm),1016,1031,4,3
delden.sluis.beneden,Waterhoogte in Oppervlaktewater t.o.v. Normaal Amsterdams Peil in cm,Gehele jaar,101,1231,Verlaagde waterstand (<990cm),,989,6,4
delden.sluis.beneden,Waterhoogte in Oppervlaktewater t.o.v. Normaal Amsterdams Peil in cm,Gehele jaar,101,1231,Normale waterstand (990 tot 1015cm),989,1016,5,5
delden.sluis.boven,Waterhoogte in Oppervlaktewater t.o.v. Normaal Amsterdams Peil in cm,Gehele jaar,101,1231,Extreem hoogwater (>1660cm),1660,,1,0
delden.sluis.boven,Waterhoogte in Oppervlaktewater t.o.v. Normaal Amsterdams Peil in cm,Gehele jaar,101,1231,Hoogwater (>1650cm),1650,1660,2,1
delden.sluis.boven,Waterhoogte in Oppervlaktewater t.o.v. Normaal Amsterdams Peil in cm,Gehele jaar,101,1231,Verhoogde waterstand (>1640cm),1640,1650,3,2
delden.sluis.boven,Waterhoogte in Oppervlaktewater t.o.v. Normaal Amsterdams Peil in cm,Gehele jaar,101,1231,Licht verhoogd (>1635cm),1635,1640,4,3
delden.sluis.boven,Waterhoogte in Oppervlaktewater t.o.v. Normaal Amsterdams Peil in cm,Gehele jaar,101,1231,Verlaagde waterstand (<1590cm),,1588,6,4
delden.sluis.boven,Waterhoogte in Oppervlaktewater t.o.v. Normaal Amsterdams Peil in cm,Gehele jaar,101,1231,Normale waterstand (van 1590 tot 1635cm),1588,1635,5,5
delden.sluis.boven,Waterhoogte in Oppervlaktewater t.o.v. Normaal Amsterdams Peil in cm,Gehele jaar,101,1231,Streefpeil,1600,1600,0,10
delfzijl,Waterhoogte in Oppervlaktewater t.o.v. Normaal Amsterdams Peil in cm,Gehele jaar,101,1231,Extreem hoogwater (> 475cm),475,,1,0
delfzijl,Waterhoogte in Oppervlaktewater t.o.v. Normaal Amsterdams Peil in cm,Gehele jaar,101,1231,Stormvloed (> 380cm),380,475,2,1
delfzijl,Waterhoogte in Oppervlaktewater t.o.v. Normaal Amsterdams Peil in cm,Gehele jaar,101,1231,Verhoogde waterstand (> 300cm),300,380,3,2
delfzijl,Waterhoogte in Oppervlaktewater t.o.v. Normaal Amsterdams Peil in cm,Gehele jaar,101,1231,Licht verhoogd (>260cm),260,300,4,3
delfzijl,Waterhoogte in Oppervlaktewater t.o.v. Normaal Amsterdams Peil in cm,Gehele jaar,101,1231,Laagwater (< -223cm),,-223,6,4
delfzijl,Waterhoogte in Oppervlaktewater t.o.v. Normaal Amsterdams Peil in cm,Gehele jaar,101,1231,Normaal (-223 tot 260 cm),-223,260,5,5
delfzijl.oudeeemskanaal.spuisluis,Waterhoogte in Oppervlaktewater t.o.v. Normaal Amsterdams Peil in cm,Gehele jaar,101,1231,Verhoogd (>90cm),90,,3,2
delfzijl.oudeeemskanaal.spuisluis,Waterhoogte in Oppervlaktewater t.o.v. Normaal Amsterdams Peil in cm,Gehele jaar,101,1231,Licht verhoogd (>70cm),70,90,4,3
delfzijl.oudeeemskanaal.spuisluis,Waterhoogte in Oppervlaktewater t.o.v. Normaal Amsterdams Peil in cm,Gehele jaar,101,1231,Verlaagd (<30cm),,30,6,4
delfzijl.oudeeemskanaal.spuisluis,Waterhoogte in Oppervlaktewater t.o.v. Normaal Amsterdams Peil in cm,Gehele jaar,101,1231,Normaal (30 tot 70cm),30,70,5,5
denhelder.marsdiep,Waterhoogte in Oppervlaktewater t.o.v. Normaal Amsterdams Peil in cm,Gehele jaar,101,1231,Extreem hoogwater (> 345cm),345,,1,0
denhelder.marsdiep,Waterhoogte in Oppervlaktewater t.o.v. Normaal Amsterdams Peil in cm,Gehele jaar,101,1231,Stormvloed (> 260cm),260,345,2,1
denhelder.marsdiep,Waterhoogte in Oppervlaktewater t.o.v. Normaal Amsterdams Peil in cm,Gehele jaar,101,1231,Verhoogde waterstand (> 190cm),190,260,3,2
denhelder.marsdiep,Waterhoogte in Oppervlaktewater t.o.v. Normaal Amsterdams Peil in cm,Gehele jaar,101,1231,Licht verhoogd (>170cm),170,190,4,3
denhelder.marsdiep,Waterhoogte in Oppervlaktewater t.o.v. Normaal Amsterdams Peil in cm,Gehele jaar,101,1231,Laagwater (< -125cm),,-125,6,4
denhelder.marsdiep,Waterhoogte in Oppervlaktewater t.o.v. Normaal Amsterdams Peil in cm,Gehele jaar,101,1231,Normaal (> -125cm),-125,170,5,5
deventer,Waterhoogte in Oppervlaktewater t.o.v. Normaal Amsterdams Peil in cm,Gehele jaar,101,1231,Extreem hoogwater (> 680cm),680,,1,0
deventer,Waterhoogte in Oppervlaktewater t.o.v. Normaal Amsterdams Peil in cm,Gehele jaar,101,1231,Hoogwater (> 610cm),610,680,2,1
deventer,Waterhoogte in Oppervlaktewater t.o.v. Normaal Amsterdams Peil in cm,Gehele jaar,101,1231,Verhoogde waterstand (> 520cm),520,610,3,2
deventer,Waterhoogte in Oppervlaktewater t.o.v. Normaal Amsterdams Peil in cm,Gehele jaar,101,1231,Licht verhoogd (>480cm),480,520,4,3
deventer,Waterhoogte in Oppervlaktewater t.o.v. Normaal Amsterdams Peil in cm,Gehele jaar,101,1231,Verlaagde waterstand (< 150cm),,150,6,4
deventer,Waterhoogte in Oppervlaktewater t.o.v. Normaal Amsterdams Peil in cm,Gehele jaar,101,1231,Normaal (150 tot 480cm),150,480,5,5
dinteloord.volkerak,Waterhoogte in Oppervlaktewater t.o.v. Normaal Amsterdams Peil in cm,Gehele jaar,101,1231,Extreem hoog (>180cm),180,,1,0
dinteloord.volkerak,Waterhoogte in Oppervlaktewater t.o.v. Normaal Amsterdams Peil in cm,Gehele jaar,101,1231,Hoog water (>50cm),50,180,2,1
dinteloord.volkerak,Waterhoogte in Oppervlaktewater t.o.v. Normaal Amsterdams Peil in cm,Gehele jaar,101,1231,Verhoogde waterstand (>30cm),30,50,3,2
dinteloord.volkerak,Waterhoogte in Oppervlaktewater t.o.v. Normaal Amsterdams Peil in cm,Gehele jaar,101,1231,Licht verhoogd (>20cm),20,30,4,3
dinteloord.volkerak,Waterhoogte in Oppervlaktewater t.o.v. Normaal Amsterdams Peil in cm,Gehele jaar,101,1231,Verlaagd (<-10cm),,-10,6,4
dinteloord.volkerak,Waterhoogte in Oppervlaktewater t.o.v. Normaal Amsterdams Peil in cm,Gehele jaar,101,1231,Normaal (-10 tot 20cm),-10,20,5,5
dodewaard,Waterhoogte in Oppervlaktewater t.o.v. Normaal Amsterdams Peil in cm,Gehele jaar,101,1231,Extreem hoogwater (> 1130cm),1130,,1,0
dodewaard,Waterhoogte in Oppervlaktewater t.o.v. Normaal Amsterdams Peil in cm,Gehele jaar,101,1231,Hoogwater (> 1030cm),1030,1130,2,1
dodewaard,Waterhoogte in Oppervlaktewater t.o.v. Normaal Amsterdams Peil in cm,Gehele jaar,101,1231,Verhoogde waterstand (> 890cm),890,1030,3,2
dodewaard,Waterhoogte in Oppervlaktewater t.o.v. Normaal Amsterdams Peil in cm,Gehele jaar,101,1231,Licht verhoogd (>815cm),815,890,4,3
dodewaard,Waterhoogte in Oppervlaktewater t.o.v. Normaal Amsterdams Peil in cm,Gehele jaar,101,1231,Laagwater (< 365cm),,365,6,4
dodewaard,Waterhoogte in Oppervlaktewater t.o.v. Normaal Amsterdams Peil in cm,Gehele jaar,101,1231,Normaal (> 365cm),365,815,5,5
doesburg.ijssel,Waterhoogte in Oppervlaktewater t.o.v. Normaal Amsterdams Peil in cm,Gehele jaar,101,1231,Extreem hoogwater (> 1055m),1055,,1,0
doesburg.ijssel,Waterhoogte in Oppervlaktewater t.o.v. Normaal Amsterdams Peil in cm,Gehele jaar,101,1231,Hoogwater (> 995cm),995,1055,2,1
doesburg.ijssel,Waterhoogte in Oppervlaktewater t.o.v. Normaal Amsterdams Peil in cm,Gehele jaar,101,1231,Verhoogde waterstand (> 910cm),910,995,3,2
doesburg.ijssel,Waterhoogte in Oppervlaktewater t.o.v. Normaal Amsterdams Peil in cm,Gehele jaar,101,1231,Licht verhoogd (>845cm),845,910,4,3
doesburg.ijssel,Waterhoogte in Oppervlaktewater t.o.v. Normaal Amsterdams Peil in cm,Gehele jaar,101,1231,Verlaagde waterstand (< 445cm),,450,6,4
doesburg.ijssel,Waterhoogte in Oppervlaktewater t.o.v. Normaal Amsterdams Peil in cm,Gehele jaar,101,1231,Normaal (450 tot 845cm),450,845,5,5
dordrecht.oudemaas.benedenmerwede,Waterhoogte in Oppervlaktewater t.o.v. Normaal Amsterdams Peil in cm,Gehele jaar,101,1231,Extreem hoogwater (> 275cm),275,,1,0
dordrecht.oudemaas.benedenmerwede,Waterhoogte in Oppervlaktewater t.o.v. Normaal Amsterdams Peil in cm,Gehele jaar,101,1231,Hoogwater / Stormvloed (> 250cm),250,275,2,1
dordrecht.oudemaas.benedenmerwede,Waterhoogte in Oppervlaktewater t.o.v. Normaal Amsterdams Peil in cm,Gehele jaar,101,1231,Verhoogde waterstand (> 200cm),200,250,3,2
dordrecht.oudemaas.benedenmerwede,Waterhoogte in Oppervlaktewater t.o.v. Normaal Amsterdams Peil in cm,Gehele jaar,101,1231,Licht verhoogd (>175cm),175,200,4,3
dordrecht.oudemaas.benedenmerwede,Waterhoogte in Oppervlaktewater t.o.v. Normaal Amsterdams Peil in cm,Gehele jaar,101,1231,Verlaagde waterstand(< -7cm),,-7,6,4
dordrecht.oudemaas.benedenmerwede,Waterhoogte in Oppervlaktewater t.o.v. Normaal Amsterdams Peil in cm,Gehele jaar,101,1231,Normaal (-7 tot 175cm),-7,175,5,5
dorkwerd.reitdiep,Waterhoogte in Oppervlaktewater t.o.v. Normaal Amsterdams Peil in cm,Gehele jaar,101,1231,Verhoogd (>-63cm),-62,,3,2
dorkwerd.reitdiep,Waterhoogte in Oppervlaktewater t.o.v. Normaal Amsterdams Peil in cm,Gehele jaar,101,1231,Licht verhoogd (>-70cm),-69,-62,4,3
dorkwerd.reitdiep,Waterhoogte in Oppervlaktewater t.o.v. Normaal Amsterdams Peil in cm,Gehele jaar,101,1231,Verlaagd (<-100cm),,-100,6,4
dorkwerd.reitdiep,Waterhoogte in Oppervlaktewater t.o.v. Normaal Amsterdams Peil in cm,Gehele jaar,101,1231,Normaal (-100 tot -70cm),-100,-69,5,5
driel.beneden,Waterhoogte in Oppervlaktewater t.o.v. Normaal Amsterdams Peil in cm,Gehele jaar,101,1231,Extreem hoogwater (>1190cm),1190,,1,0
driel.beneden,Waterhoogte in Oppervlaktewater t.o.v. Normaal Amsterdams Peil in cm,Gehele jaar,101,1231,Hoogwater (>1100cm),1100,1190,2,1
driel.beneden,Waterhoogte in Oppervlaktewater t.o.v. Normaal Amsterdams Peil in cm,Gehele jaar,101,1231,Verhoogde waterstand (>950cm),950,1100,3,2
driel.beneden,Waterhoogte in Oppervlaktewater t.o.v. Normaal Amsterdams Peil in cm,Gehele jaar,101,1231,Licht verhoogd (>870cm),870,950,4,3
driel.beneden,Waterhoogte in Oppervlaktewater t.o.v. Normaal Amsterdams Peil in cm,Gehele jaar,101,1231,Verlaagde waterstand (<570cm),,570,6,4
driel.beneden,Waterhoogte in Oppervlaktewater t.o.v. Normaal Amsterdams Peil in cm,Gehele jaar,101,1231,Normaal (570 tot 870cm),570,870,5,5
driel.boven,Debiet in Oppervlaktewater in m3/s,Gehele jaar,101,1231,Extreme afvoer (>2500 m3/s),2500,,1,0
driel.boven,Debiet in Oppervlaktewater in m3/s,Gehele jaar,101,1231,Hoge afvoer (>1500 m3/s),1500,2500,2,1
driel.boven,Debiet in Oppervlaktewater in m3/s,Gehele jaar,101,1231,Verhoogde afvoer (>1050 m3/s),1050,1500,3,2
driel.boven,Debiet in Oppervlaktewater in m3/s,Gehele jaar,101,1231,Licht verhoogd (>720 m3/s),720,1050,4,3
driel.boven,Debiet in Oppervlaktewater in m3/s,Gehele jaar,101,1231,Verlaagde afvoer (<10m3/s),,10,6,4
driel.boven,Debiet in Oppervlaktewater in m3/s,Gehele jaar,101,1231,Normale afvoer (10 tot 720 m3/s),10,720,5,5
driel.boven,Waterhoogte in Oppervlaktewater t.o.v. Normaal Amsterdams Peil in cm,Gehele jaar,101,1231,Extreem hoogwater (> 1200cm),1200,,1,0
driel.boven,Waterhoogte in Oppervlaktewater t.o.v. Normaal Amsterdams Peil in cm,Gehele jaar,101,1231,Hoogwater (> 1105cm),1105,1200,2,1
driel.boven,Waterhoogte in Oppervlaktewater t.o.v. Normaal Amsterdams Peil in cm,Gehele jaar,101,1231,Verhoogde waterstand (> 960cm),960,1105,3,2
driel.boven,Waterhoogte in Oppervlaktewater t.o.v. Normaal Amsterdams Peil in cm,Gehele jaar,101,1231,Licht verhoogd (>880cm),880,960,4,3
driel.boven,Waterhoogte in Oppervlaktewater t.o.v. Normaal Amsterdams Peil in cm,Gehele jaar,101,1231,Laagwater (< 680cm),,680,6,4
driel.boven,Waterhoogte in Oppervlaktewater t.o.v. Normaal Amsterdams Peil in cm,Gehele jaar,101,1231,Normaal (680 tot 880cm),680,880,5,5
echt.kanaal,Waterhoogte in Oppervlaktewater t.o.v. Normaal Amsterdams Peil in cm,Gehele jaar,101,1231,Verhoogd (>3310cm),3310,,3,2
echt.kanaal,Waterhoogte in Oppervlaktewater t.o.v. Normaal Amsterdams Peil in cm,Gehele jaar,101,1231,Licht verhoogde waterstand (>3290cm),3292,3310,4,3
echt.kanaal,Waterhoogte in Oppervlaktewater t.o.v. Normaal Amsterdams Peil in cm,Gehele jaar,101,1231,Verlaagde waterstand (<3250cm),,3249,6,4
echt.kanaal,Waterhoogte in Oppervlaktewater t.o.v. Normaal Amsterdams Peil in cm,Gehele jaar,101,1231,Normaal (3250 tot 3290cm),3249,3292,5,5
echt.kanaal,Waterhoogte in Oppervlaktewater t.o.v. Normaal Amsterdams Peil in cm,Gehele jaar,101,1231,Streefpeil (3265cm),3265,3265,0,10
edam,Waterhoogte in Oppervlaktewater t.o.v. Normaal Amsterdams Peil in cm,Gehele jaar,101,1231,Hoogwater (>15cm),15,,2,1
edam,Waterhoogte in Oppervlaktewater t.o.v. Normaal Amsterdams Peil in cm,Gehele jaar,101,1231,Verhoogde waterstand (>0cm),0,15,3,2
edam,Waterhoogte in Oppervlaktewater t.o.v. Normaal Amsterdams Peil in cm,Gehele jaar,101,1231,Licht verhoogd (>-10cm),-10,0,4,3
edam,Waterhoogte in Oppervlaktewater t.o.v. Normaal Amsterdams Peil in cm,IJsselmeerWinter,1001,331,Verlaagde waterstand (<-55cm),,-56,6,4
edam,Waterhoogte in Oppervlaktewater t.o.v. Normaal Amsterdams Peil in cm,IJsselmeerWinter,1001,331,Normale waterstand (-55 tot -10cm),-56,-10,5,5
edam,Waterhoogte in Oppervlaktewater t.o.v. Normaal Amsterdams Peil in cm,IJsselmeerZomer,401,930,Verlaagde waterstand (<-35cm),,-35,6,4
edam,Waterhoogte in Oppervlaktewater t.o.v. Normaal Amsterdams Peil in cm,IJsselmeerZomer,401,930,Normale waterstand (-35 tot -10cm),-35,-10,5,5
eefde.sluis.beneden,Waterhoogte in Oppervlaktewater t.o.v. Normaal Amsterdams Peil in cm,Gehele jaar,101,1231,Extreem hoogwater (>810cm),810,,1,0
eefde.sluis.beneden,Waterhoogte in Oppervlaktewater t.o.v. Normaal Amsterdams Peil in cm,Gehele jaar,101,1231,Hoogwater (>760cm),760,810,2,1
eefde.sluis.beneden,Waterhoogte in Oppervlaktewater t.o.v. Normaal Amsterdams Peil in cm,Gehele jaar,101,1231,Verhoogd (>680cm),680,760,3,2
eefde.sluis.beneden,Waterhoogte in Oppervlaktewater t.o.v. Normaal Amsterdams Peil in cm,Gehele jaar,101,1231,Licht verhoogd (>630cm),630,680,4,3
eefde.sluis.beneden,Waterhoogte in Oppervlaktewater t.o.v. Normaal Amsterdams Peil in cm,Winterstand,1001,430,Verlaagd (<250cm),,250,6,4
eefde.sluis.beneden,Waterhoogte in Oppervlaktewater t.o.v. Normaal Amsterdams Peil in cm,Winterstand,1001,430,Normaal (250 tot 630cm),250,630,5,5
eefde.sluis.beneden,Waterhoogte in Oppervlaktewater t.o.v. Normaal Amsterdams Peil in cm,Zomerstand,501,930,Verlaagd (<300cm),,300,6,4
eefde.sluis.beneden,Waterhoogte in Oppervlaktewater t.o.v. Normaal Amsterdams Peil in cm,Zomerstand,501,930,Normaal (300 tot 630cm),300,630,5,5
eefde.sluis.boven,Waterhoogte in Oppervlaktewater t.o.v. Normaal Amsterdams Peil in cm,Gehele jaar,101,1231,Extreem hoogwater (>1080cm),1080,,1,0
eefde.sluis.boven,Waterhoogte in Oppervlaktewater t.o.v. Normaal Amsterdams Peil in cm,Gehele jaar,101,1231,Hoogwater (>1042cm),1042,1080,2,1
eefde.sluis.boven,Waterhoogte in Oppervlaktewater t.o.v. Normaal Amsterdams Peil in cm,Gehele jaar,101,1231,Verhoogde waterstand (>1030cm),1030,1042,3,2
eefde.sluis.boven,Waterhoogte in Oppervlaktewater t.o.v. Normaal Amsterdams Peil in cm,Gehele jaar,101,1231,Licht verhoogd (>1010cm),1011,1030,4,3
eefde.sluis.boven,Waterhoogte in Oppervlaktewater t.o.v. Normaal Amsterdams Peil in cm,Gehele jaar,101,1231,Verlaagde waterstand (<985cm),,985,6,4
eefde.sluis.boven,Waterhoogte in Oppervlaktewater t.o.v. Normaal Amsterdams Peil in cm,Gehele jaar,101,1231,Normale waterstand (van 985 tot 1010cm),985,1011,5,5
eemdijk,Waterhoogte in Oppervlaktewater t.o.v. Normaal Amsterdams Peil in cm,Gehele jaar,101,1231,Extreem hoogwater (>80cm),80,,1,0
eemdijk,Waterhoogte in Oppervlaktewater t.o.v. Normaal Amsterdams Peil in cm,Gehele jaar,101,1231,Hoogwater (>65cm),65,80,2,1
eemdijk,Waterhoogte in Oppervlaktewater t.o.v. Normaal Amsterdams Peil in cm,Gehele jaar,101,1231,Verhoogde waterstand (>25cm),25,65,3,2
eemdijk,Waterhoogte in Oppervlaktewater t.o.v. Normaal Amsterdams Peil in cm,Gehele jaar,101,1231,Licht verhoogd (>10cm),10,25,4,3
eemdijk,Waterhoogte in Oppervlaktewater t.o.v. Normaal Amsterdams Peil in cm,Gehele jaar,101,1231,Verlaagde waterstand (<-55cm),,-55,6,4
eemdijk,Waterhoogte in Oppervlaktewater t.o.v. Normaal Amsterdams Peil in cm,Gehele jaar,101,1231,Normale waterstand (-55 tot 10cm),-55,10,5,5
eemshaven.waddenzee,Waterhoogte in Oppervlaktewater t.o.v. Normaal Amsterdams Peil in cm,Gehele jaar,101,1231,Extreem hoogwater (>420cm),420,,1,0
eemshaven.waddenzee,Waterhoogte in Oppervlaktewater t.o.v. Normaal Amsterdams Peil in cm,Gehele jaar,101,1231,Stormvloed (>350cm),350,420,2,1
eemshaven.waddenzee,Waterhoogte in Oppervlaktewater t.o.v. Normaal Amsterdams Peil in cm,Gehele jaar,101,1231,Verhoogd (>270cm),270,350,3,2
eemshaven.waddenzee,Waterhoogte in Oppervlaktewater t.o.v. Normaal Amsterdams Peil in cm,Gehele jaar,101,1231,Licht verhoogd (>260cm),260,270,4,3
eemshaven.waddenzee,Waterhoogte in Oppervlaktewater t.o.v. Normaal Amsterdams Peil in cm,Gehele jaar,101,1231,Verlaagd (<-192cm),,-192,6,4
eemshaven.waddenzee,Waterhoogte in Oppervlaktewater t.o.v. Normaal Amsterdams Peil in cm,Gehele jaar,101,1231,Normaal (-192 tot 260cm),-192,260,5,5
eibersburen,Waterhoogte in Oppervlaktewater t.o.v. Normaal Amsterdams Peil in cm,Gehele jaar,101,1231,Licht verhoogd (>-29cm),-29,,4,3
eibersburen,Waterhoogte in Oppervlaktewater t.o.v. Normaal Amsterdams Peil in cm,Gehele jaar,101,1231,Verlaagd (<-66cm),,-66,6,4
eibersburen,Waterhoogte in Oppervlaktewater t.o.v. Normaal Amsterdams Peil in cm,Gehele jaar,101,1231,Normaal (-66 tot -29cm),-66,-29,5,5
eijsden.grens,Debiet in Oppervlaktewater in m3/s,Gehele jaar,101,1231,Extreme afvoer (>2600 m3/s),2600,,1,0
eijsden.grens,Debiet in Oppervlaktewater in m3/s,Gehele jaar,101,1231,Hoge afvoer (>2000 m3/s),2000,2600,2,1
eijsden.grens,Debiet in Oppervlaktewater in m3/s,Gehele jaar,101,1231,Verhoogde afvoer (>1250 m3/s),1250,2000,3,2
eijsden.grens,Debiet in Oppervlaktewater in m3/s,Gehele jaar,101,1231,Licht verhoogd (>800 m3/s),800,1250,4,3
eijsden.grens,Debiet in Oppervlaktewater in m3/s,Gehele jaar,101,1231,Verlaagde afvoer (<25 m3/s),,25,6,4
eijsden.grens,Debiet in Oppervlaktewater in m3/s,Gehele jaar,101,1231,Normale afvoer (>25 m3/s),25,800,5,5
eijsden.grens,Waterhoogte in Oppervlaktewater t.o.v. Normaal Amsterdams Peil in cm,Gehele jaar,101,1231,Extreem hoogwater (> 5000cm),5000,,1,0
eijsden.grens,Waterhoogte in Oppervlaktewater t.o.v. Normaal Amsterdams Peil in cm,Gehele jaar,101,1231,Hoogwater (> 4885cm),4885,5000,2,1
eijsden.grens,Waterhoogte in Oppervlaktewater t.o.v. Normaal Amsterdams Peil in cm,Gehele jaar,101,1231,Verhoogde waterstand (> 4715cm),4715,4885,3,2
eijsden.grens,Waterhoogte in Oppervlaktewater t.o.v. Normaal Amsterdams Peil in cm,Gehele jaar,101,1231,Licht verhoogd (>4610cm),4610,4715,4,3
eijsden.grens,Waterhoogte in Oppervlaktewater t.o.v. Normaal Amsterdams Peil in cm,Gehele jaar,101,1231,Laagwater (< 4390cm),,4390,6,4
eijsden.grens,Waterhoogte in Oppervlaktewater t.o.v. Normaal Amsterdams Peil in cm,Gehele jaar,101,1231,Normaal (4390 - 4610cm),4390,4610,5,5
elsloo.maas,Waterhoogte in Oppervlaktewater t.o.v. Normaal Amsterdams Peil in cm,Gehele jaar,101,1231,Extreem hoogwater (> 4000cm),4000,,1,0
elsloo.maas,Waterhoogte in Oppervlaktewater t.o.v. Normaal Amsterdams Peil in cm,Gehele jaar,101,1231,Hoogwater (> 3935cm),3935,4000,2,1
elsloo.maas,Waterhoogte in Oppervlaktewater t.o.v. Normaal Amsterdams Peil in cm,Gehele jaar,101,1231,Verhoogde waterstand (> 3760cm),3760,3935,3,2
elsloo.maas,Waterhoogte in Oppervlaktewater t.o.v. Normaal Amsterdams Peil in cm,Gehele jaar,101,1231,Licht verhoogd (>3650cm),3650,3760,4,3
elsloo.maas,Waterhoogte in Oppervlaktewater t.o.v. Normaal Amsterdams Peil in cm,Gehele jaar,101,1231,Verlaagde waterstand (< 3305),,3305,6,4
elsloo.maas,Waterhoogte in Oppervlaktewater t.o.v. Normaal Amsterdams Peil in cm,Gehele jaar,101,1231,Normaal (3305 - 3650cm),3305,3650,5,5
epen.geul.cottessen,Debiet in Oppervlaktewater in m3/s,Gehele jaar,101,1231,"Extreme afvoer (>27,5 m3/s)",27.5,,1,0
epen.geul.cottessen,Debiet in Oppervlaktewater in m3/s,Gehele jaar,101,1231,"Hoge afvoer (20 tot 27,5 m3/s)",20,27.5,2,1
epen.geul.cottessen,Debiet in Oppervlaktewater in m3/s,Gehele jaar,101,1231,Verhoogde afvoer (10 tot 20 m3/s),10,20,3,2
epen.geul.cottessen,Debiet in Oppervlaktewater in m3/s,Gehele jaar,101,1231,"Verlaagde afvoer (<0,5 m3/s)",,0.5,6,4
epen.geul.cottessen,Debiet in Oppervlaktewater in m3/s,Gehele jaar,101,1231,"Normale afvoer (0,5 tot 10 m3/s)",0.5,10,5,5
epen.geul.cottessen,Waterhoogte in Oppervlaktewater t.o.v. Normaal Amsterdams Peil in cm,Gehele jaar,101,1231,Extreem hoogwater (> 12180cm),12180,,1,0
epen.geul.cottessen,Waterhoogte in Oppervlaktewater t.o.v. Normaal Amsterdams Peil in cm,Gehele jaar,101,1231,Hoogwater (> 12128cm),12128,12180,2,1
epen.geul.cottessen,Waterhoogte in Oppervlaktewater t.o.v. Normaal Amsterdams Peil in cm,Gehele jaar,101,1231,Verhoogde waterstand (> 12078cm),12078,12128,3,2
epen.geul.cottessen,Waterhoogte in Oppervlaktewater t.o.v. Normaal Amsterdams Peil in cm,Gehele jaar,101,1231,Normaal (tot 12078cm),,12078,5,5
erp.sluis5.beneden,Waterhoogte in Oppervlaktewater t.o.v. Normaal Amsterdams Peil in cm,Gehele jaar,101,1231,Verhoogde waterstand (>1107cm),1107,,3,2
erp.sluis5.beneden,Waterhoogte in Oppervlaktewater t.o.v. Normaal Amsterdams Peil in cm,Gehele jaar,101,1231,Licht verhoogd (>1087cm),1087,1107,4,3
erp.sluis5.beneden,Waterhoogte in Oppervlaktewater t.o.v. Normaal Amsterdams Peil in cm,Gehele jaar,101,1231,Verlaagde waterstand (<1032cm),,1032,6,4
erp.sluis5.beneden,Waterhoogte in Oppervlaktewater t.o.v. Normaal Amsterdams Peil in cm,Gehele jaar,101,1231,Normaal (1032 tot 1087cm),1032,1087,5,5
erp.sluis5.beneden,Waterhoogte in Oppervlaktewater t.o.v. Normaal Amsterdams Peil in cm,Gehele jaar,101,1231,Streefpeil (1057cm),1057,1057,0,10
erp.sluis5.boven,Waterhoogte in Oppervlaktewater t.o.v. Normaal Amsterdams Peil in cm,Gehele jaar,101,1231,Verhoogde waterstand (>1325cm),1325,,3,2
erp.sluis5.boven,Waterhoogte in Oppervlaktewater t.o.v. Normaal Amsterdams Peil in cm,Gehele jaar,101,1231,Licht verhoogd (>1305cm),1305,1325,4,3
erp.sluis5.boven,Waterhoogte in Oppervlaktewater t.o.v. Normaal Amsterdams Peil in cm,Gehele jaar,101,1231,Verlaagde waterstand (<1255cm),,1255,6,4
erp.sluis5.boven,Waterhoogte in Oppervlaktewater t.o.v. Normaal Amsterdams Peil in cm,Gehele jaar,101,1231,Normale waterstand (1255 - 1305cm),1255,1305,5,5
erp.sluis5.boven,Waterhoogte in Oppervlaktewater t.o.v. Normaal Amsterdams Peil in cm,Gehele jaar,101,1231,Streefpeil (1275cm),1275,1275,0,10
genemuiden,Debiet in Oppervlaktewater in m3/s,Gehele jaar,101,1231,Verhoogde afvoer (>250m3/s),250,,3,2
genemuiden,Debiet in Oppervlaktewater in m3/s,Gehele jaar,101,1231,Licht verhoogd (>200m3/s),200,250,4,3
genemuiden,Debiet in Oppervlaktewater in m3/s,Gehele jaar,101,1231,Verhoogde aanvoer (<-70m3/s),,-70,6,4
genemuiden,Debiet in Oppervlaktewater in m3/s,Gehele jaar,101,1231,Normaal (-70 tot 200m3/s),-70,200,5,5
genemuiden,Waterhoogte in Oppervlaktewater t.o.v. Normaal Amsterdams Peil in cm,Gehele jaar,101,1231,Hoogwater (>150cm),150,,2,1
genemuiden,Waterhoogte in Oppervlaktewater t.o.v. Normaal Amsterdams Peil in cm,Gehele jaar,101,1231,Verhoogde waterstand (> 50cm),50,150,3,2
genemuiden,Waterhoogte in Oppervlaktewater t.o.v. Normaal Amsterdams Peil in cm,Gehele jaar,101,1231,Licht verhoogd (>40cm),40,50,4,3
genemuiden,Waterhoogte in Oppervlaktewater t.o.v. Normaal Amsterdams Peil in cm,Gehele jaar,101,1231,Verlaagde waterstand (< -55cm),,-55,6,4
genemuiden,Waterhoogte in Oppervlaktewater t.o.v. Normaal Amsterdams Peil in cm,Gehele jaar,101,1231,Normaal (-55 tot 40cm),-55,40,5,5
gennep,Waterhoogte in Oppervlaktewater t.o.v. Normaal Amsterdams Peil in cm,Gehele jaar,101,1231,Extreem hoogwater (> 1240cm),1240,,1,0
gennep,Waterhoogte in Oppervlaktewater t.o.v. Normaal Amsterdams Peil in cm,Gehele jaar,101,1231,Hoogwater (> 1125cm),1125,1240,2,1
gennep,Waterhoogte in Oppervlaktewater t.o.v. Normaal Amsterdams Peil in cm,Gehele jaar,101,1231,Verhoogde waterstand (> 950cm),950,1125,3,2
gennep,Waterhoogte in Oppervlaktewater t.o.v. Normaal Amsterdams Peil in cm,Gehele jaar,101,1231,Licht verhoogd (>870cm),870,950,4,3
gennep,Waterhoogte in Oppervlaktewater t.o.v. Normaal Amsterdams Peil in cm,Gehele jaar,101,1231,Verlaagde waterstand(< 775cm),,775,6,4
gennep,Waterhoogte in Oppervlaktewater t.o.v. Normaal Amsterdams Peil in cm,Gehele jaar,101,1231,Normaal (775 tot 870cm),775,870,5,5
goeree.lichteiland,Waterhoogte in Oppervlaktewater t.o.v. Normaal Amsterdams Peil in cm,Gehele jaar,101,1231,Extreem hoogwater (>350cm),350,,1,0
goeree.lichteiland,Waterhoogte in Oppervlaktewater t.o.v. Normaal Amsterdams Peil in cm,Gehele jaar,101,1231,Stormvloed (>265cm),265,350,2,1
goeree.lichteiland,Waterhoogte in Oppervlaktewater t.o.v. Normaal Amsterdams Peil in cm,Gehele jaar,101,1231,Verhoogde waterstand (>220cm),220,265,3,2
goeree.lichteiland,Waterhoogte in Oppervlaktewater t.o.v. Normaal Amsterdams Peil in cm,Gehele jaar,101,1231,Licht verhoogd (>200cm),200,220,4,3
goeree.lichteiland,Waterhoogte in Oppervlaktewater t.o.v. Normaal Amsterdams Peil in cm,Gehele jaar,101,1231,Verlaagde waterstand (<-121cm),,-121,6,4
goeree.lichteiland,Waterhoogte in Oppervlaktewater t.o.v. Normaal Amsterdams Peil in cm,Gehele jaar,101,1231,Normale waterstand (-121 tot 200cm),-121,200,5,5
gouda.hollandscheijssel,Waterhoogte in Oppervlaktewater t.o.v. Normaal Amsterdams Peil in cm,Gehele jaar,101,1231,Extreem hoogwater (>285cm),285,,1,0
gouda.hollandscheijssel,Waterhoogte in Oppervlaktewater t.o.v. Normaal Amsterdams Peil in cm,Gehele jaar,101,1231,Stormvloed (>250cm),250,285,2,1
gouda.hollandscheijssel,Waterhoogte in Oppervlaktewater t.o.v. Normaal Amsterdams Peil in cm,Gehele jaar,101,1231,Verhoogde waterstand (>230cm),230,250,3,2
gouda.hollandscheijssel,Waterhoogte in Oppervlaktewater t.o.v. Normaal Amsterdams Peil in cm,Gehele jaar,101,1231,Licht verhoogd (>210cm),210,230,4,3
gouda.hollandscheijssel,Waterhoogte in Oppervlaktewater t.o.v. Normaal Amsterdams Peil in cm,Gehele jaar,101,1231,Verlaagd (<-100cm),,-100,6,4
gouda.hollandscheijssel,Waterhoogte in Oppervlaktewater t.o.v. Normaal Amsterdams Peil in cm,Gehele jaar,101,1231,Normaal (-100 tot 210cm),-100,210,5,5
grave.beneden,Waterhoogte in Oppervlaktewater t.o.v. Normaal Amsterdams Peil in cm,Gehele jaar,101,1231,Extreem hoogwater (> 995cm),995,,1,0
grave.beneden,Waterhoogte in Oppervlaktewater t.o.v. Normaal Amsterdams Peil in cm,Gehele jaar,101,1231,Hoogwater (> 900cm),900,995,2,1
grave.beneden,Waterhoogte in Oppervlaktewater t.o.v. Normaal Amsterdams Peil in cm,Gehele jaar,101,1231,Verhoogde waterstand (> 795cm),795,900,3,2
grave.beneden,Waterhoogte in Oppervlaktewater t.o.v. Normaal Amsterdams Peil in cm,Gehele jaar,101,1231,Licht verhoogd (>645cm),645,795,4,3
grave.beneden,Waterhoogte in Oppervlaktewater t.o.v. Normaal Amsterdams Peil in cm,Gehele jaar,101,1231,Laagwater (< 460cm),,460,6,4
grave.beneden,Waterhoogte in Oppervlaktewater t.o.v. Normaal Amsterdams Peil in cm,Gehele jaar,101,1231,Normaal (460 tot 645cm),460,645,5,5
grave.boven,Waterhoogte in Oppervlaktewater t.o.v. Normaal Amsterdams Peil in cm,Gehele jaar,101,1231,Extreem hoogwater (> 1010cm),1010,,1,0
grave.boven,Waterhoogte in Oppervlaktewater t.o.v. Normaal Amsterdams Peil in cm,Gehele jaar,101,1231,Hoogwater (> 935cm),935,1010,2,1
grave.boven,Waterhoogte in Oppervlaktewater t.o.v. Normaal Amsterdams Peil in cm,Gehele jaar,101,1231,Verhoogde waterstand (> 850cm),850,935,3,2
grave.boven,Waterhoogte in Oppervlaktewater t.o.v. Normaal Amsterdams Peil in cm,Gehele jaar,101,1231,Licht verhoogd (>820cm),820,850,4,3
grave.boven,Waterhoogte in Oppervlaktewater t.o.v. Normaal Amsterdams Peil in cm,Gehele jaar,101,1231,Laagwater (< 710cm),,710,6,4
grave.boven,Waterhoogte in Oppervlaktewater t.o.v. Normaal Amsterdams Peil in cm,Gehele jaar,101,1231,Normaal (> 710cm),710,820,5,5
grijpskerk.gaarkeuken.oost,Waterhoogte in Oppervlaktewater t.o.v. Normaal Amsterdams Peil in cm,Gehele jaar,101,1231,Verhoogde waterstand (> -63cm),-63,,3,2
grijpskerk.gaarkeuken.oost,Waterhoogte in Oppervlaktewater t.o.v. Normaal Amsterdams Peil in cm,Gehele jaar,101,1231,Licht verhoogd (-70 tot -63cm),-70,-63,4,3
grijpskerk.gaarkeuken.oost,Waterhoogte in Oppervlaktewater t.o.v. Normaal Amsterdams Peil in cm,Gehele jaar,101,1231,Verlaagd (<-100cm),,-101,6,4
grijpskerk.gaarkeuken.oost,Waterhoogte in Oppervlaktewater t.o.v. Normaal Amsterdams Peil in cm,Gehele jaar,101,1231,Normaal (-100 tot -70cm),-101,-70,5,5
grijpskerk.gaarkeuken.west,Waterhoogte in Oppervlaktewater t.o.v. Normaal Amsterdams Peil in cm,Gehele jaar,101,1231,Licht verhoogde waterstand (>-29cm),-29,,4,3
grijpskerk.gaarkeuken.west,Waterhoogte in Oppervlaktewater t.o.v. Normaal Amsterdams Peil in cm,Gehele jaar,101,1231,Verlaagde waterstand (< -66cm),,-66,6,4
grijpskerk.gaarkeuken.west,Waterhoogte in Oppervlaktewater t.o.v. Normaal Amsterdams Peil in cm,Gehele jaar,101,1231,Normaal (-66 tot -29cm),-66,-29,5,5
groningen,Waterhoogte in Oppervlaktewater t.o.v. Normaal Amsterdams Peil in cm,Gehele jaar,101,1231,Verhoogd (>-70cm),-63,,3,2
groningen,Waterhoogte in Oppervlaktewater t.o.v. Normaal Amsterdams Peil in cm,Gehele jaar,101,1231,Licht verhoogd (<-70 tot -63cm),-70,-63,4,3
groningen,Waterhoogte in Oppervlaktewater t.o.v. Normaal Amsterdams Peil in cm,Gehele jaar,101,1231,Verlaagd (< -100cm),,-101,6,4
groningen,Waterhoogte in Oppervlaktewater t.o.v. Normaal Amsterdams Peil in cm,Gehele jaar,101,1231,Normaal (-100 tot -70cm),-101,-70,5,5
hagestein.beneden,Waterhoogte in Oppervlaktewater t.o.v. Normaal Amsterdams Peil in cm,Gehele jaar,101,1231,Extreem hoogwater (>555cm),555,,1,0
hagestein.beneden,Waterhoogte in Oppervlaktewater t.o.v. Normaal Amsterdams Peil in cm,Gehele jaar,101,1231,Hoogwater (>400cm),400,555,2,1
hagestein.beneden,Waterhoogte in Oppervlaktewater t.o.v. Normaal Amsterdams Peil in cm,Gehele jaar,101,1231,Verhoogde waterstand (>300cm),300,400,3,2
hagestein.beneden,Waterhoogte in Oppervlaktewater t.o.v. Normaal Amsterdams Peil in cm,Gehele jaar,101,1231,Licht verhoogd (>250cm),250,300,4,3
hagestein.beneden,Waterhoogte in Oppervlaktewater t.o.v. Normaal Amsterdams Peil in cm,Gehele jaar,101,1231,Verlaagde waterstand (<-50cm),,-50,6,4
hagestein.beneden,Waterhoogte in Oppervlaktewater t.o.v. Normaal Amsterdams Peil in cm,Gehele jaar,101,1231,Normaal (-50 tot 250cm),-50,250,5,5
hagestein.boven,Waterhoogte in Oppervlaktewater t.o.v. Normaal Amsterdams Peil in cm,Gehele jaar,101,1231,Extreem hoogwater (> 560cm),560,,1,0
hagestein.boven,Waterhoogte in Oppervlaktewater t.o.v. Normaal Amsterdams Peil in cm,Gehele jaar,101,1231,Hoogwater (> 405cm),405,560,2,1
hagestein.boven,Waterhoogte in Oppervlaktewater t.o.v. Normaal Amsterdams Peil in cm,Gehele jaar,101,1231,Verhoogde waterstand (> 340cm),340,405,3,2
hagestein.boven,Waterhoogte in Oppervlaktewater t.o.v. Normaal Amsterdams Peil in cm,Gehele jaar,101,1231,Licht verhoogd (>320cm),320,340,4,3
hagestein.boven,Waterhoogte in Oppervlaktewater t.o.v. Normaal Amsterdams Peil in cm,Gehele jaar,101,1231,Laagwater (< 200cm),,200,6,4
hagestein.boven,Waterhoogte in Oppervlaktewater t.o.v. Normaal Amsterdams Peil in cm,Gehele jaar,101,1231,Normaal (200 tot 320cm),200,320,5,5
haghorst.sluis4.beneden,Waterhoogte in Oppervlaktewater t.o.v. Normaal Amsterdams Peil in cm,Gehele jaar,101,1231,Verhoogde waterstand (>1300cm),1300,,3,2
haghorst.sluis4.beneden,Waterhoogte in Oppervlaktewater t.o.v. Normaal Amsterdams Peil in cm,Gehele jaar,101,1231,Licht verhoogd (>1285cm),1285,1300,4,3
haghorst.sluis4.beneden,Waterhoogte in Oppervlaktewater t.o.v. Normaal Amsterdams Peil in cm,Gehele jaar,101,1231,Verlaagde waterstand (<1235cm),,1235,6,4
haghorst.sluis4.beneden,Waterhoogte in Oppervlaktewater t.o.v. Normaal Amsterdams Peil in cm,Gehele jaar,101,1231,Normaal (1235 tot 1285cm),1235,1285,5,5
haghorst.sluis4.beneden,Waterhoogte in Oppervlaktewater t.o.v. Normaal Amsterdams Peil in cm,Gehele jaar,101,1231,Streefpeil (1255cm),1255,1255,0,10
haghorst.sluis4.boven,Waterhoogte in Oppervlaktewater t.o.v. Normaal Amsterdams Peil in cm,Gehele jaar,101,1231,Hoogwater (>1550cm),1550,,2,1
haghorst.sluis4.boven,Waterhoogte in Oppervlaktewater t.o.v. Normaal Amsterdams Peil in cm,Gehele jaar,101,1231,Verhoogde waterstand (>1525cm),1525,1550,3,2
haghorst.sluis4.boven,Waterhoogte in Oppervlaktewater t.o.v. Normaal Amsterdams Peil in cm,Gehele jaar,101,1231,Licht verhoogd (>1520cm),1520,1525,4,3
haghorst.sluis4.boven,Waterhoogte in Oppervlaktewater t.o.v. Normaal Amsterdams Peil in cm,Gehele jaar,101,1231,Verlaagde waterstand (<1490cm),,1489,6,4
haghorst.sluis4.boven,Waterhoogte in Oppervlaktewater t.o.v. Normaal Amsterdams Peil in cm,Gehele jaar,101,1231,Normaal (1490 tot 1520cm),1489,1520,5,5
haghorst.sluis4.boven,Waterhoogte in Oppervlaktewater t.o.v. Normaal Amsterdams Peil in cm,Gehele jaar,101,1231,Streefpeil (1500cm),1500,1500,0,10
haghorst.sluis4.schuif1,Waterhoogte in Oppervlaktewater t.o.v. Normaal Amsterdams Peil in cm,Gehele jaar,101,1231,Hoogwater (>1550cm),1550,,2,1
haghorst.sluis4.schuif1,Waterhoogte in Oppervlaktewater t.o.v. Normaal Amsterdams Peil in cm,Gehele jaar,101,1231,Verhoogde waterstand (>1525cm),1525,1550,3,2
haghorst.sluis4.schuif1,Waterhoogte in Oppervlaktewater t.o.v. Normaal Amsterdams Peil in cm,Gehele jaar,101,1231,Licht verhoogd (>1520cm),1520,1525,4,3
haghorst.sluis4.schuif1,Waterhoogte in Oppervlaktewater t.o.v. Normaal Amsterdams Peil in cm,Gehele jaar,101,1231,Verlaagde waterstand (<1490cm),,1489,6,4
haghorst.sluis4.schuif1,Waterhoogte in Oppervlaktewater t.o.v. Normaal Amsterdams Peil in cm,Gehele jaar,101,1231,Normale waterstand (1490 tot 1520cm),1489,1520,5,5
haghorst.sluis4.schuif1,Waterhoogte in Oppervlaktewater t.o.v. Normaal Amsterdams Peil in cm,Gehele jaar,101,1231,Streefpeil (1500cm),1500,1500,0,10
hank.bergschemaas,Waterhoogte in Oppervlaktewater t.o.v. Normaal Amsterdams Peil in cm,Gehele jaar,101,1231,Extreem hoogwater (> 260cm),260,,1,0
hank.bergschemaas,Waterhoogte in Oppervlaktewater t.o.v. Normaal Amsterdams Peil in cm,Gehele jaar,101,1231,Hoogwater (> 235cm),235,260,2,1
hank.bergschemaas,Waterhoogte in Oppervlaktewater t.o.v. Normaal Amsterdams Peil in cm,Gehele jaar,101,1231,Verhoogde waterstand (> 190cm),190,235,3,2
hank.bergschemaas,Waterhoogte in Oppervlaktewater t.o.v. Normaal Amsterdams Peil in cm,Gehele jaar,101,1231,Licht verhoogd (>140cm),140,190,4,3
hank.bergschemaas,Waterhoogte in Oppervlaktewater t.o.v. Normaal Amsterdams Peil in cm,Gehele jaar,101,1231,Laagwater (< 0cm),,-1,6,4
hank.bergschemaas,Waterhoogte in Oppervlaktewater t.o.v. Normaal Amsterdams Peil in cm,Gehele jaar,101,1231,Normaal (0 tot 140cm),-1,140,5,5
hansweert,Waterhoogte in Oppervlaktewater t.o.v. Normaal Amsterdams Peil in cm,Gehele jaar,101,1231,Extreem hoogwater (>480cm),480,,1,0
hansweert,Waterhoogte in Oppervlaktewater t.o.v. Normaal Amsterdams Peil in cm,Gehele jaar,101,1231,Stormvloed (> 415cm),415,480,2,1
hansweert,Waterhoogte in Oppervlaktewater t.o.v. Normaal Amsterdams Peil in cm,Gehele jaar,101,1231,Verhoogde waterstand (> 360cm),360,415,3,2
hansweert,Waterhoogte in Oppervlaktewater t.o.v. Normaal Amsterdams Peil in cm,Gehele jaar,101,1231,Licht verhoogd (>340cm),340,360,4,3
hansweert,Waterhoogte in Oppervlaktewater t.o.v. Normaal Amsterdams Peil in cm,Gehele jaar,101,1231,Verlaagde waterstand (<-283cm),,-283,6,4
hansweert,Waterhoogte in Oppervlaktewater t.o.v. Normaal Amsterdams Peil in cm,Gehele jaar,101,1231,Normale waterstand (-283 tot 340cm),-283,340,5,5
haringvliet.10,Waterhoogte in Oppervlaktewater t.o.v. Normaal Amsterdams Peil in cm,Gehele jaar,101,1231,Verhoogd (>240cm),240,,3,2
haringvliet.10,Waterhoogte in Oppervlaktewater t.o.v. Normaal Amsterdams Peil in cm,Gehele jaar,101,1231,Licht verhoogd (>220cm),220,240,4,3
haringvliet.10,Waterhoogte in Oppervlaktewater t.o.v. Normaal Amsterdams Peil in cm,Gehele jaar,101,1231,Verlaagd (<-127cm),,-127,6,4
haringvliet.10,Waterhoogte in Oppervlaktewater t.o.v. Normaal Amsterdams Peil in cm,Gehele jaar,101,1231,Normaal (-127 tot 220cm),-127,220,5,5
harlingen.waddenzee,Waterhoogte in Oppervlaktewater t.o.v. Normaal Amsterdams Peil in cm,Gehele jaar,101,1231,Extreem hoogwater (> 390cm),390,,1,0
harlingen.waddenzee,Waterhoogte in Oppervlaktewater t.o.v. Normaal Amsterdams Peil in cm,Gehele jaar,101,1231,Stormvloed (> 330cm),330,390,2,1
harlingen.waddenzee,Waterhoogte in Oppervlaktewater t.o.v. Normaal Amsterdams Peil in cm,Gehele jaar,101,1231,Verhoogde waterstand (> 270cm),270,330,3,2
harlingen.waddenzee,Waterhoogte in Oppervlaktewater t.o.v. Normaal Amsterdams Peil in cm,Gehele jaar,101,1231,Licht verhoogd (>240cm),240,270,4,3
harlingen.waddenzee,Waterhoogte in Oppervlaktewater t.o.v. Normaal Amsterdams Peil in cm,Gehele jaar,101,1231,Laagwater (< -134cm),,-134,6,4
harlingen.waddenzee,Waterhoogte in Oppervlaktewater t.o.v. Normaal Amsterdams Peil in cm,Gehele jaar,101,1231,Normaal (-134 tot 240cm),-134,240,5,5
hasselt.zwartewater,Waterhoogte in Oppervlaktewater t.o.v. Normaal Amsterdams Peil in cm,Gehele jaar,101,1231,Hoogwater (>150cm),150,,2,1
hasselt.zwartewater,Waterhoogte in Oppervlaktewater t.o.v. Normaal Amsterdams Peil in cm,Gehele jaar,101,1231,Verhoogde waterstand (>50cm),50,150,3,2
hasselt.zwartewater,Waterhoogte in Oppervlaktewater t.o.v. Normaal Amsterdams Peil in cm,Gehele jaar,101,1231,Licht verhoogd (>40cm),40,50,4,3
hasselt.zwartewater,Waterhoogte in Oppervlaktewater t.o.v. Normaal Amsterdams Peil in cm,Gehele jaar,101,1231,Verlaagde waterstand (<-55cm),,-55,6,4
hasselt.zwartewater,Waterhoogte in Oppervlaktewater t.o.v. Normaal Amsterdams Peil in cm,Gehele jaar,101,1231,Normaal (-55 tot 40cm),-55,40,5,5
heel.kanaal,Waterhoogte in Oppervlaktewater t.o.v. Normaal Amsterdams Peil in cm,Gehele jaar,101,1231,Extreem hoogwater (> 2255cm),2255,,1,0
heel.kanaal,Waterhoogte in Oppervlaktewater t.o.v. Normaal Amsterdams Peil in cm,Gehele jaar,101,1231,Hoogwater (> 2185cm),2185,2255,2,1
heel.kanaal,Waterhoogte in Oppervlaktewater t.o.v. Normaal Amsterdams Peil in cm,Gehele jaar,101,1231,Verhoogde waterstand (> 2115cm),2115,2185,3,2
heel.kanaal,Waterhoogte in Oppervlaktewater t.o.v. Normaal Amsterdams Peil in cm,Gehele jaar,101,1231,Licht verhoogd (>2110cm),2110,2115,4,3
heel.kanaal,Waterhoogte in Oppervlaktewater t.o.v. Normaal Amsterdams Peil in cm,Gehele jaar,101,1231,Verlaagde waterstand(< 2070cm),,2070,6,4
heel.kanaal,Waterhoogte in Oppervlaktewater t.o.v. Normaal Amsterdams Peil in cm,Gehele jaar,101,1231,Normaal (> 2070cm),2070,2110,5,5
heel.maas,Waterhoogte in Oppervlaktewater t.o.v. Normaal Amsterdams Peil in cm,Gehele jaar,101,1231,Extreem hoogwater (> 2000cm),2000,,1,0
heel.maas,Waterhoogte in Oppervlaktewater t.o.v. Normaal Amsterdams Peil in cm,Gehele jaar,101,1231,Hoogwater (> 1870cm),1870,2000,2,1
heel.maas,Waterhoogte in Oppervlaktewater t.o.v. Normaal Amsterdams Peil in cm,Gehele jaar,101,1231,Verhoogde waterstand (> 1645cm),1645,1870,3,2
heel.maas,Waterhoogte in Oppervlaktewater t.o.v. Normaal Amsterdams Peil in cm,Gehele jaar,101,1231,Licht verhoogd (>1540cm),1540,1645,4,3
heel.maas,Waterhoogte in Oppervlaktewater t.o.v. Normaal Amsterdams Peil in cm,Gehele jaar,101,1231,Verlaagde waterstand(< 1405cm),,1405,6,4
heel.maas,Waterhoogte in Oppervlaktewater t.o.v. Normaal Amsterdams Peil in cm,Gehele jaar,101,1231,Normaal (1405 tot 1540cm),1405,1540,5,5
heesbeen,Waterhoogte in Oppervlaktewater t.o.v. Normaal Amsterdams Peil in cm,Gehele jaar,101,1231,Extreem hoogwater (> 410cm),410,,1,0
heesbeen,Waterhoogte in Oppervlaktewater t.o.v. Normaal Amsterdams Peil in cm,Gehele jaar,101,1231,Hoogwater (> 300cm),300,410,2,1
heesbeen,Waterhoogte in Oppervlaktewater t.o.v. Normaal Amsterdams Peil in cm,Gehele jaar,101,1231,Verhoogde waterstand (> 230cm),230,300,3,2
heesbeen,Waterhoogte in Oppervlaktewater t.o.v. Normaal Amsterdams Peil in cm,Gehele jaar,101,1231,Licht verhoogd (>210cm),210,230,4,3
heesbeen,Waterhoogte in Oppervlaktewater t.o.v. Normaal Amsterdams Peil in cm,Gehele jaar,101,1231,Laagwater (< 10cm),,10,6,4
heesbeen,Waterhoogte in Oppervlaktewater t.o.v. Normaal Amsterdams Peil in cm,Gehele jaar,101,1231,Normaal (10 tot 210cm),10,210,5,5
heinenoord.goidschalxoord,Waterhoogte in Oppervlaktewater t.o.v. Normaal Amsterdams Peil in cm,Gehele jaar,101,1231,Extreem hoogwater (> 260cm),260,,1,0
heinenoord.goidschalxoord,Waterhoogte in Oppervlaktewater t.o.v. Normaal Amsterdams Peil in cm,Gehele jaar,101,1231,Hoogwater / Stormvloed (> 230cm),230,260,2,1
heinenoord.goidschalxoord,Waterhoogte in Oppervlaktewater t.o.v. Normaal Amsterdams Peil in cm,Gehele jaar,101,1231,Verhoogd (>200cm),200,230,3,2
heinenoord.goidschalxoord,Waterhoogte in Oppervlaktewater t.o.v. Normaal Amsterdams Peil in cm,Gehele jaar,101,1231,Licht verhoogd (>180cm),180,200,4,3
heinenoord.goidschalxoord,Waterhoogte in Oppervlaktewater t.o.v. Normaal Amsterdams Peil in cm,Gehele jaar,101,1231,Laagwater (< -35cm),,-35,6,4
heinenoord.goidschalxoord,Waterhoogte in Oppervlaktewater t.o.v. Normaal Amsterdams Peil in cm,Gehele jaar,101,1231,Normaal (-35 tot 180cm),-35,180,5,5
hellevoetsluis,Waterhoogte in Oppervlaktewater t.o.v. Normaal Amsterdams Peil in cm,Gehele jaar,101,1231,Extreem hoogwater (> 220cm),221,,1,0
hellevoetsluis,Waterhoogte in Oppervlaktewater t.o.v. Normaal Amsterdams Peil in cm,Gehele jaar,101,1231,Hoogwater / Stormvloed (> 190cm),191,221,2,1
hellevoetsluis,Waterhoogte in Oppervlaktewater t.o.v. Normaal Amsterdams Peil in cm,Gehele jaar,101,1231,Verhoogde waterstand (> 150cm),151,191,3,2
hellevoetsluis,Waterhoogte in Oppervlaktewater t.o.v. Normaal Amsterdams Peil in cm,Gehele jaar,101,1231,Laagwater (< 0cm),,0,6,4
hellevoetsluis,Waterhoogte in Oppervlaktewater t.o.v. Normaal Amsterdams Peil in cm,Haringvliet_broedseizoen,315,715,Licht verhoogd (>80cm),81,151,4,3
hellevoetsluis,Waterhoogte in Oppervlaktewater t.o.v. Normaal Amsterdams Peil in cm,Haringvliet_broedseizoen,315,715,Normaal (> 0cm),0,81,5,5
hellevoetsluis,Waterhoogte in Oppervlaktewater t.o.v. Normaal Amsterdams Peil in cm,Haringvliet_buitenbroedseizoen,715,315,Licht verhoogd (>130cm),130,151,4,3
hellevoetsluis,Waterhoogte in Oppervlaktewater t.o.v. Normaal Amsterdams Peil in cm,Haringvliet_buitenbroedseizoen,715,315,Normaal (> 0cm),0,130,5,5
helmond.aflaat.boven,Waterhoogte in Oppervlaktewater t.o.v. Normaal Amsterdams Peil in cm,Gehele jaar,101,1231,Hoogwater (>1550cm),1550,,2,1
helmond.aflaat.boven,Waterhoogte in Oppervlaktewater t.o.v. Normaal Amsterdams Peil in cm,Gehele jaar,101,1231,Verhoogde waterstand (>1525cm),1526,1550,3,2
helmond.aflaat.boven,Waterhoogte in Oppervlaktewater t.o.v. Normaal Amsterdams Peil in cm,Gehele jaar,101,1231,Licht verhoogd (>1520cm),1520,1526,4,3
helmond.aflaat.boven,Waterhoogte in Oppervlaktewater t.o.v. Normaal Amsterdams Peil in cm,Gehele jaar,101,1231,Verlaagde waterstand (<1490cm),,1490,6,4
helmond.aflaat.boven,Waterhoogte in Oppervlaktewater t.o.v. Normaal Amsterdams Peil in cm,Gehele jaar,101,1231,Normale waterstand (1490 tot 1520cm),1490,1520,5,5
helmond.aflaat.boven,Waterhoogte in Oppervlaktewater t.o.v. Normaal Amsterdams Peil in cm,Gehele jaar,101,1231,Streefpeil (1500cm),1500,1500,0,10
helmond.sluis.boven,Waterhoogte in Oppervlaktewater t.o.v. Normaal Amsterdams Peil in cm,Gehele jaar,101,1231,Verhoogde waterstand (>2097cm),2097,,3,2
helmond.sluis.boven,Waterhoogte in Oppervlaktewater t.o.v. Normaal Amsterdams Peil in cm,Gehele jaar,101,1231,Licht verhoogd (>2077cm),2077,2097,4,3
helmond.sluis.boven,Waterhoogte in Oppervlaktewater t.o.v. Normaal Amsterdams Peil in cm,Gehele jaar,101,1231,Verlaagde waterstand (<2047cm),,2047,6,4
helmond.sluis.boven,Waterhoogte in Oppervlaktewater t.o.v. Normaal Amsterdams Peil in cm,Gehele jaar,101,1231,Normaal (2047 tot 2077cm),2047,2077,5,5
helmond.sluis.boven,Waterhoogte in Oppervlaktewater t.o.v. Normaal Amsterdams Peil in cm,Gehele jaar,101,1231,Streefpeil (2067cm),2067,2067,0,10
hengelo.sluis.beneden,Waterhoogte in Oppervlaktewater t.o.v. Normaal Amsterdams Peil in cm,Gehele jaar,101,1231,Extreem hoogwater (>1660cm),1660,,1,0
hengelo.sluis.beneden,Waterhoogte in Oppervlaktewater t.o.v. Normaal Amsterdams Peil in cm,Gehele jaar,101,1231,Hoogwater (>1650cm),1650,1660,2,1
hengelo.sluis.beneden,Waterhoogte in Oppervlaktewater t.o.v. Normaal Amsterdams Peil in cm,Gehele jaar,101,1231,Verhoogde waterstand (>1640cm),1640,1650,3,2
hengelo.sluis.beneden,Waterhoogte in Oppervlaktewater t.o.v. Normaal Amsterdams Peil in cm,Gehele jaar,101,1231,Licht verhoogd (>1635cm),1635,1640,4,3
hengelo.sluis.beneden,Waterhoogte in Oppervlaktewater t.o.v. Normaal Amsterdams Peil in cm,Gehele jaar,101,1231,Verlaagde waterstand (<1590cm),,1589,6,4
hengelo.sluis.beneden,Waterhoogte in Oppervlaktewater t.o.v. Normaal Amsterdams Peil in cm,Gehele jaar,101,1231,Normale waterstand (van 1590 tot 1635cm),1589,1635,5,5
hengelo.sluis.beneden,Waterhoogte in Oppervlaktewater t.o.v. Normaal Amsterdams Peil in cm,Gehele jaar,101,1231,Streefpeil,1600,1600,0,10
hengelo.sluis.boven,Waterhoogte in Oppervlaktewater t.o.v. Normaal Amsterdams Peil in cm,Gehele jaar,101,1231,Extreem hoogwater (>2545cm),2545,,1,0
hengelo.sluis.boven,Waterhoogte in Oppervlaktewater t.o.v. Normaal Amsterdams Peil in cm,Gehele jaar,101,1231,Hoogwater (>2542cm),2542,2545,2,1
hengelo.sluis.boven,Waterhoogte in Oppervlaktewater t.o.v. Normaal Amsterdams Peil in cm,Gehele jaar,101,1231,Verhoogde waterstand (>2535cm),2525,2542,3,2
hengelo.sluis.boven,Waterhoogte in Oppervlaktewater t.o.v. Normaal Amsterdams Peil in cm,Gehele jaar,101,1231,Licht verhoogd (>2515cm),2516,2525,4,3
hengelo.sluis.boven,Waterhoogte in Oppervlaktewater t.o.v. Normaal Amsterdams Peil in cm,Gehele jaar,101,1231,Verlaagde waterstand (<2490cm),,2489,6,4
hengelo.sluis.boven,Waterhoogte in Oppervlaktewater t.o.v. Normaal Amsterdams Peil in cm,Gehele jaar,101,1231,Normale waterstand (van 2490 tot 2515cm),2489,2516,5,5
hoekvanholland,Waterhoogte in Oppervlaktewater t.o.v. Normaal Amsterdams Peil in cm,Gehele jaar,101,1231,Extreem hoogwater (> 365cm),365,,1,0
hoekvanholland,Waterhoogte in Oppervlaktewater t.o.v. Normaal Amsterdams Peil in cm,Gehele jaar,101,1231,Stormvloed (> 280cm),280,365,2,1
hoekvanholland,Waterhoogte in Oppervlaktewater t.o.v. Normaal Amsterdams Peil in cm,Gehele jaar,101,1231,Verhoogde waterstand (> 220cm),220,280,3,2
hoekvanholland,Waterhoogte in Oppervlaktewater t.o.v. Normaal Amsterdams Peil in cm,Gehele jaar,101,1231,Licht verhoogd (>200cm),200,220,4,3
hoekvanholland,Waterhoogte in Oppervlaktewater t.o.v. Normaal Amsterdams Peil in cm,Gehele jaar,101,1231,Laagwater (< -92cm),,-92,6,4
hoekvanholland,Waterhoogte in Oppervlaktewater t.o.v. Normaal Amsterdams Peil in cm,Gehele jaar,101,1231,Normaal (-92 tot 200cm),-92,200,5,5
hoekvanholland.maeslantkering.beneden.noord,Waterhoogte in Oppervlaktewater t.o.v. Normaal Amsterdams Peil in cm,Gehele jaar,101,1231,Stormvloed (>290cm),290,,2,1
hoekvanholland.maeslantkering.beneden.noord,Waterhoogte in Oppervlaktewater t.o.v. Normaal Amsterdams Peil in cm,Gehele jaar,101,1231,Verhoogd (>220cm),220,290,3,2
hoekvanholland.maeslantkering.beneden.noord,Waterhoogte in Oppervlaktewater t.o.v. Normaal Amsterdams Peil in cm,Gehele jaar,101,1231,Licht verhoogd (>200cm),200,220,4,3
hoekvanholland.maeslantkering.beneden.noord,Waterhoogte in Oppervlaktewater t.o.v. Normaal Amsterdams Peil in cm,Gehele jaar,101,1231,Verlaagd (<-100cm),,-100,6,4
hoekvanholland.maeslantkering.beneden.noord,Waterhoogte in Oppervlaktewater t.o.v. Normaal Amsterdams Peil in cm,Gehele jaar,101,1231,Normaal (-100 tot 200cm),-100,200,5,5
huibertgat,Waterhoogte in Oppervlaktewater t.o.v. Normaal Amsterdams Peil in cm,Gehele jaar,101,1231,Extreem hoog water (>330cm),330,,1,0
huibertgat,Waterhoogte in Oppervlaktewater t.o.v. Normaal Amsterdams Peil in cm,Gehele jaar,101,1231,Stormvloed (>270cm),270,330,2,1
huibertgat,Waterhoogte in Oppervlaktewater t.o.v. Normaal Amsterdams Peil in cm,Gehele jaar,101,1231,Verhoogde waterstand (>220cm),220,270,3,2
huibertgat,Waterhoogte in Oppervlaktewater t.o.v. Normaal Amsterdams Peil in cm,Gehele jaar,101,1231,Licht verhoogd (>195cm),195,220,4,3
huibertgat,Waterhoogte in Oppervlaktewater t.o.v. Normaal Amsterdams Peil in cm,Gehele jaar,101,1231,Verlaagde waterstand (<-167cm),,-167,6,4
huibertgat,Waterhoogte in Oppervlaktewater t.o.v. Normaal Amsterdams Peil in cm,Gehele jaar,101,1231,Normaal (-167 tot 195cm),-167,195,5,5
huissen.nederrijn,Waterhoogte in Oppervlaktewater t.o.v. Normaal Amsterdams Peil in cm,Gehele jaar,101,1231,Extreem hoogwater ((>1405cm),1405,,1,0
huissen.nederrijn,Waterhoogte in Oppervlaktewater t.o.v. Normaal Amsterdams Peil in cm,Gehele jaar,101,1231,Hoogwater (>1305cm),1305,1405,2,1
huissen.nederrijn,Waterhoogte in Oppervlaktewater t.o.v. Normaal Amsterdams Peil in cm,Gehele jaar,101,1231,Verhoogde waterstand (>1160cm),1160,1305,3,2
huissen.nederrijn,Waterhoogte in Oppervlaktewater t.o.v. Normaal Amsterdams Peil in cm,Gehele jaar,101,1231,Licht verhoogd (>1075cm),1075,1160,4,3
huissen.nederrijn,Waterhoogte in Oppervlaktewater t.o.v. Normaal Amsterdams Peil in cm,Gehele jaar,101,1231,Verlaagde waterstand (<685cm),,685,6,4
huissen.nederrijn,Waterhoogte in Oppervlaktewater t.o.v. Normaal Amsterdams Peil in cm,Gehele jaar,101,1231,Normaal (685 tot 1075cm),685,1075,5,5
ijgeul.1,Waterhoogte in Oppervlaktewater t.o.v. Normaal Amsterdams Peil in cm,Gehele jaar,101,1231,Extreem hoog water (>340cm),340,,1,0
ijgeul.1,Waterhoogte in Oppervlaktewater t.o.v. Normaal Amsterdams Peil in cm,Gehele jaar,101,1231,Stormvloed (>280cm),280,340,2,1
ijgeul.1,Waterhoogte in Oppervlaktewater t.o.v. Normaal Amsterdams Peil in cm,Gehele jaar,101,1231,Verhoogde waterstand (>200cm),200,280,3,2
ijgeul.1,Waterhoogte in Oppervlaktewater t.o.v. Normaal Amsterdams Peil in cm,Gehele jaar,101,1231,Licht verhoogd (>180cm),180,200,4,3
ijgeul.1,Waterhoogte in Oppervlaktewater t.o.v. Normaal Amsterdams Peil in cm,Gehele jaar,101,1231,Verlaagde waterstand (<-103cm),,-103,6,4
ijgeul.1,Waterhoogte in Oppervlaktewater t.o.v. Normaal Amsterdams Peil in cm,Gehele jaar,101,1231,Normaal (-103 tot 180cm),-103,180,5,5
ijmuiden.buitenhaven,Waterhoogte in Oppervlaktewater t.o.v. Normaal Amsterdams Peil in cm,Gehele jaar,101,1231,Extreem hoogwater (> 340cm),340,,1,0
ijmuiden.buitenhaven,Waterhoogte in Oppervlaktewater t.o.v. Normaal Amsterdams Peil in cm,Gehele jaar,101,1231,Stormvloed (> 280cm),280,340,2,1
ijmuiden.buitenhaven,Waterhoogte in Oppervlaktewater t.o.v. Normaal Amsterdams Peil in cm,Gehele jaar,101,1231,Verhoogde waterstand (> 200cm),200,280,3,2
ijmuiden.buitenhaven,Waterhoogte in Oppervlaktewater t.o.v. Normaal Amsterdams Peil in cm,Gehele jaar,101,1231,Licht verhoogd (>180cm),180,200,4,3
ijmuiden.buitenhaven,Waterhoogte in Oppervlaktewater t.o.v. Normaal Amsterdams Peil in cm,Gehele jaar,101,1231,Laagwater (< -103cm),,-103,6,4
ijmuiden.buitenhaven,Waterhoogte in Oppervlaktewater t.o.v. Normaal Amsterdams Peil in cm,Gehele jaar,101,1231,Normaal (van -103 tot 180cm),-103,180,5,5
ijmuiden.noordersluis.oost,Waterhoogte in Oppervlaktewater t.o.v. Normaal Amsterdams Peil in cm,Gehele jaar,101,1231,Extreem hoogwater (> 0cm),0,,1,0
ijmuiden.noordersluis.oost,Waterhoogte in Oppervlaktewater t.o.v. Normaal Amsterdams Peil in cm,Gehele jaar,101,1231,Hoogwater (> -15cm),-14,0,2,1
ijmuiden.noordersluis.oost,Waterhoogte in Oppervlaktewater t.o.v. Normaal Amsterdams Peil in cm,Gehele jaar,101,1231,Verhoogde waterstand (> -25cm),-25,-14,3,2
ijmuiden.noordersluis.oost,Waterhoogte in Oppervlaktewater t.o.v. Normaal Amsterdams Peil in cm,Gehele jaar,101,1231,Licht verhoogd (>-30cm),-30,-25,4,3
ijmuiden.noordersluis.oost,Waterhoogte in Oppervlaktewater t.o.v. Normaal Amsterdams Peil in cm,Gehele jaar,101,1231,Verlaagde waterstand (< -55cm),,-55,6,4
ijmuiden.noordersluis.oost,Waterhoogte in Oppervlaktewater t.o.v. Normaal Amsterdams Peil in cm,Gehele jaar,101,1231,Normale waterstand (-55 tot -30cm),-55,-30,5,5
ijmuiden.noordersluis.oost,Waterhoogte in Oppervlaktewater t.o.v. Normaal Amsterdams Peil in cm,Gehele jaar,101,1231,Streefpeil (-40cm),-40,-40,0,10
ijmuiden.noordersluis.west,Waterhoogte in Oppervlaktewater t.o.v. Normaal Amsterdams Peil in cm,Gehele jaar,101,1231,Extreem hoogwater (>345cm),345,,1,0
ijmuiden.noordersluis.west,Waterhoogte in Oppervlaktewater t.o.v. Normaal Amsterdams Peil in cm,Gehele jaar,101,1231,Stormvloed (>280cm),280,345,2,1
ijmuiden.noordersluis.west,Waterhoogte in Oppervlaktewater t.o.v. Normaal Amsterdams Peil in cm,Gehele jaar,101,1231,Verhoogde waterstand (>200cm),200,280,3,2
ijmuiden.noordersluis.west,Waterhoogte in Oppervlaktewater t.o.v. Normaal Amsterdams Peil in cm,Gehele jaar,101,1231,Licht verhoogd (>180cm),180,200,4,3
ijmuiden.noordersluis.west,Waterhoogte in Oppervlaktewater t.o.v. Normaal Amsterdams Peil in cm,Gehele jaar,101,1231,Verlaagde waterstand (<-103cm),,-103,6,4
ijmuiden.noordersluis.west,Waterhoogte in Oppervlaktewater t.o.v. Normaal Amsterdams Peil in cm,Gehele jaar,101,1231,Normaal (-103 tot 180cm),-103,180,5,5
kadoelen.zwanediep,Waterhoogte in Oppervlaktewater t.o.v. Normaal Amsterdams Peil in cm,Gehele jaar,101,1231,Verhoogde waterstand (>70cm),70,,3,2
kadoelen.zwanediep,Waterhoogte in Oppervlaktewater t.o.v. Normaal Amsterdams Peil in cm,Gehele jaar,101,1231,Licht verhoogd (>50cm),50,70,4,3
kadoelen.zwanediep,Waterhoogte in Oppervlaktewater t.o.v. Normaal Amsterdams Peil in cm,Gehele jaar,101,1231,Verlaagde waterstand (<-55cm),,-55,6,4
kadoelen.zwanediep,Waterhoogte in Oppervlaktewater t.o.v. Normaal Amsterdams Peil in cm,Gehele jaar,101,1231,Normaal (-55 tot 50cm),-55,50,5,5
kampen.ijssel,Waterhoogte in Oppervlaktewater t.o.v. Normaal Amsterdams Peil in cm,Gehele jaar,101,1231,Extreem hoogwater (> 260cm),260,,1,0
kampen.ijssel,Waterhoogte in Oppervlaktewater t.o.v. Normaal Amsterdams Peil in cm,Gehele jaar,101,1231,Hoogwater (> 175cm),175,260,2,1
kampen.ijssel,Waterhoogte in Oppervlaktewater t.o.v. Normaal Amsterdams Peil in cm,Gehele jaar,101,1231,Verhoogde waterstand (> 70cm),70,175,3,2
kampen.ijssel,Waterhoogte in Oppervlaktewater t.o.v. Normaal Amsterdams Peil in cm,Gehele jaar,101,1231,Licht verhoogd (50 tot 70cm),50,70,4,3
kampen.ijssel,Waterhoogte in Oppervlaktewater t.o.v. Normaal Amsterdams Peil in cm,Gehele jaar,101,1231,Laagwater (< -45cm),,-45,6,4
kampen.ijssel,Waterhoogte in Oppervlaktewater t.o.v. Normaal Amsterdams Peil in cm,Gehele jaar,101,1231,Normaal (-45 tot 50cm),-45,50,5,5
kampen.keteldiep,Waterhoogte in Oppervlaktewater t.o.v. Normaal Amsterdams Peil in cm,Gehele jaar,101,1231,Extreem hoogwater (> 280cm),280,,1,0
kampen.keteldiep,Waterhoogte in Oppervlaktewater t.o.v. Normaal Amsterdams Peil in cm,Gehele jaar,101,1231,Hoogwater (> 160cm),160,280,2,1
kampen.keteldiep,Waterhoogte in Oppervlaktewater t.o.v. Normaal Amsterdams Peil in cm,Gehele jaar,101,1231,Verhoogde waterstand (> 100cm),100,160,3,2
kampen.keteldiep,Waterhoogte in Oppervlaktewater t.o.v. Normaal Amsterdams Peil in cm,Gehele jaar,101,1231,Licht verhoogd (>40cm),40,100,4,3
kampen.keteldiep,Waterhoogte in Oppervlaktewater t.o.v. Normaal Amsterdams Peil in cm,Gehele jaar,101,1231,Verlaagde waterstand (< -50cm),,-50,6,4
kampen.keteldiep,Waterhoogte in Oppervlaktewater t.o.v. Normaal Amsterdams Peil in cm,Gehele jaar,101,1231,Normaal (-50 tot 40 cm),-50,40,5,5
kampen.scheeresluis.beneden,Waterhoogte in Oppervlaktewater t.o.v. Normaal Amsterdams Peil in cm,Gehele jaar,101,1231,Verhoogde waterstand (> 90cm),90,,3,2
kampen.scheeresluis.beneden,Waterhoogte in Oppervlaktewater t.o.v. Normaal Amsterdams Peil in cm,Gehele jaar,101,1231,Verlaagd (< -35cm),,-35,6,4
kampen.scheeresluis.beneden,Waterhoogte in Oppervlaktewater t.o.v. Normaal Amsterdams Peil in cm,Gehele jaar,101,1231,Normaal (-35 tot 90cm),-35,90,5,5
kamperland.schotsman,Waterhoogte in Oppervlaktewater t.o.v. Normaal Amsterdams Peil in cm,VeerseMeerWinter,1103,327,Verhoogde waterstand (>-10cm),-10,,3,2
kamperland.schotsman,Waterhoogte in Oppervlaktewater t.o.v. Normaal Amsterdams Peil in cm,VeerseMeerWinter,1103,327,Licht verhoogd (>-15cm),-15,-10,4,3
kamperland.schotsman,Waterhoogte in Oppervlaktewater t.o.v. Normaal Amsterdams Peil in cm,VeerseMeerWinter,1103,327,Verlaagde waterstand (<-45cm),,-46,6,4
kamperland.schotsman,Waterhoogte in Oppervlaktewater t.o.v. Normaal Amsterdams Peil in cm,VeerseMeerWinter,1103,327,Normaal (-45 tot  -15cm),-46,-15,5,5
kamperland.schotsman,Waterhoogte in Oppervlaktewater t.o.v. Normaal Amsterdams Peil in cm,VeerseMeerWinter2Zomer,328,406,Verhoogde waterstand (>5cm),6,,3,2
kamperland.schotsman,Waterhoogte in Oppervlaktewater t.o.v. Normaal Amsterdams Peil in cm,VeerseMeerWinter2Zomer,328,406,Verlaagde waterstand (<-45cm),,-46,6,4
kamperland.schotsman,Waterhoogte in Oppervlaktewater t.o.v. Normaal Amsterdams Peil in cm,VeerseMeerWinter2Zomer,328,406,Normaal (-45 tot 5cm),-46,6,5,5
kamperland.schotsman,Waterhoogte in Oppervlaktewater t.o.v. Normaal Amsterdams Peil in cm,VeerseMeerZomer,407,1022,Verhoogde waterstand (>10cm),10,,3,2
kamperland.schotsman,Waterhoogte in Oppervlaktewater t.o.v. Normaal Amsterdams Peil in cm,VeerseMeerZomer,407,1022,Licht verhoogd (>5cm),5,10,4,3
kamperland.schotsman,Waterhoogte in Oppervlaktewater t.o.v. Normaal Amsterdams Peil in cm,VeerseMeerZomer,407,1022,Verlaagde waterstand (<-20cm),,-21,6,4
kamperland.schotsman,Waterhoogte in Oppervlaktewater t.o.v. Normaal Amsterdams Peil in cm,VeerseMeerZomer,407,1022,Normaal (-20 tot  5cm),-21,5,5,5
kamperland.schotsman,Waterhoogte in Oppervlaktewater t.o.v. Normaal Amsterdams Peil in cm,VeerseMeerZomer2Winter,1023,1102,Verhoogde waterstand (>5cm),6,,3,2
kamperland.schotsman,Waterhoogte in Oppervlaktewater t.o.v. Normaal Amsterdams Peil in cm,VeerseMeerZomer2Winter,1023,1102,Verlaagde waterstand (<-45cm),,-46,6,4
kamperland.schotsman,Waterhoogte in Oppervlaktewater t.o.v. Normaal Amsterdams Peil in cm,VeerseMeerZomer2Winter,1023,1102,Normaal (-45 tot 5cm),-46,6,5,5
kats.zandkreekdam,Debiet in Oppervlaktewater in m3/s,Gehele jaar,101,1231,Verhoogde instroom naar Veerse Meer (>130m3/s),130,,4,3
kats.zandkreekdam,Debiet in Oppervlaktewater in m3/s,Gehele jaar,101,1231,Verhoogd uitstroom uit Veerse Meer (<120m3/s),,-120,6,4
kats.zandkreekdam,Debiet in Oppervlaktewater in m3/s,Gehele jaar,101,1231,Normaal,-120,130,5,5
kats.zandkreeksluis.kolk1,Waterhoogte in Oppervlaktewater t.o.v. Normaal Amsterdams Peil in cm,VeerseMeerWinter,1103,327,Verhoogd (>-10cm),-9,,3,2
kats.zandkreeksluis.kolk1,Waterhoogte in Oppervlaktewater t.o.v. Normaal Amsterdams Peil in cm,VeerseMeerWinter,1103,327,Licht verhoogd (>-15cm),-14,-9,4,3
kats.zandkreeksluis.kolk1,Waterhoogte in Oppervlaktewater t.o.v. Normaal Amsterdams Peil in cm,VeerseMeerWinter,1103,327,Verlaagd (<-45cm),,-46,6,4
kats.zandkreeksluis.kolk1,Waterhoogte in Oppervlaktewater t.o.v. Normaal Amsterdams Peil in cm,VeerseMeerWinter,1103,327,Normaal (-45 tot -15cm),-46,-14,5,5
kats.zandkreeksluis.kolk1,Waterhoogte in Oppervlaktewater t.o.v. Normaal Amsterdams Peil in cm,VeerseMeerWinter2Zomer,328,406,Verhoogd (>5cm),6,,3,2
kats.zandkreeksluis.kolk1,Waterhoogte in Oppervlaktewater t.o.v. Normaal Amsterdams Peil in cm,VeerseMeerWinter2Zomer,328,406,Verlaagd (<-45cm),,-46,6,4
kats.zandkreeksluis.kolk1,Waterhoogte in Oppervlaktewater t.o.v. Normaal Amsterdams Peil in cm,VeerseMeerWinter2Zomer,328,406,Normaal (-45 tot 5cm),-46,6,5,5
kats.zandkreeksluis.kolk1,Waterhoogte in Oppervlaktewater t.o.v. Normaal Amsterdams Peil in cm,VeerseMeerZomer,407,1022,Verhoogd (>10cm),11,,3,2
kats.zandkreeksluis.kolk1,Waterhoogte in Oppervlaktewater t.o.v. Normaal Amsterdams Peil in cm,VeerseMeerZomer,407,1022,Licht verhoogd (>5cm),6,11,4,3
kats.zandkreeksluis.kolk1,Waterhoogte in Oppervlaktewater t.o.v. Normaal Amsterdams Peil in cm,VeerseMeerZomer,407,1022,Verlaagd (<-20cm),,-21,6,4
kats.zandkreeksluis.kolk1,Waterhoogte in Oppervlaktewater t.o.v. Normaal Amsterdams Peil in cm,VeerseMeerZomer,407,1022,Normaal (-20 tot 5cm),-21,6,5,5
kats.zandkreeksluis.kolk1,Waterhoogte in Oppervlaktewater t.o.v. Normaal Amsterdams Peil in cm,VeerseMeerZomer2Winter,1023,1102,Verhoogd (>5cm),6,,3,2
kats.zandkreeksluis.kolk1,Waterhoogte in Oppervlaktewater t.o.v. Normaal Amsterdams Peil in cm,VeerseMeerZomer2Winter,1023,1102,Verlaagd (<-45cm),,-46,6,4
kats.zandkreeksluis.kolk1,Waterhoogte in Oppervlaktewater t.o.v. Normaal Amsterdams Peil in cm,VeerseMeerZomer2Winter,1023,1102,Normaal (-45 tot 5cm),-46,6,5,5
ketelhaven.ketelmeer,Waterhoogte in Oppervlaktewater t.o.v. Normaal Amsterdams Peil in cm,Gehele jaar,101,1231,Verhoogde waterstand (>80cm),80,,3,2
ketelhaven.ketelmeer,Waterhoogte in Oppervlaktewater t.o.v. Normaal Amsterdams Peil in cm,Gehele jaar,101,1231,Licht verhoogd (>50cm),50,80,4,3
ketelhaven.ketelmeer,Waterhoogte in Oppervlaktewater t.o.v. Normaal Amsterdams Peil in cm,Gehele jaar,101,1231,Verlaagde waterstand (<-55cm),,-55,6,4
ketelhaven.ketelmeer,Waterhoogte in Oppervlaktewater t.o.v. Normaal Amsterdams Peil in cm,Gehele jaar,101,1231,Normale waterstand (-55 tot 50cm),-55,50,5,5
kloosterzande.baalhoek,Waterhoogte in Oppervlaktewater t.o.v. Normaal Amsterdams Peil in cm,Gehele jaar,101,1231,Verhoogd (>390cm),390,,3,2
kloosterzande.baalhoek,Waterhoogte in Oppervlaktewater t.o.v. Normaal Amsterdams Peil in cm,Gehele jaar,101,1231,Licht verhoogd (>370cm),370,390,4,3
kloosterzande.baalhoek,Waterhoogte in Oppervlaktewater t.o.v. Normaal Amsterdams Peil in cm,Gehele jaar,101,1231,Verlaagd (<-293cm),,-293,6,4
kloosterzande.baalhoek,Waterhoogte in Oppervlaktewater t.o.v. Normaal Amsterdams Peil in cm,Gehele jaar,101,1231,Normaal (-293 tot 370cm),-293,370,5,5
krabbersgat.ijsselmeer,Waterhoogte in Oppervlaktewater t.o.v. Normaal Amsterdams Peil in cm,Gehele jaar,101,1231,Extreem hoogwater (>110cm),110,,1,0
krabbersgat.ijsselmeer,Waterhoogte in Oppervlaktewater t.o.v. Normaal Amsterdams Peil in cm,Gehele jaar,101,1231,Hoogwater (>80cm),80,110,2,1
krabbersgat.ijsselmeer,Waterhoogte in Oppervlaktewater t.o.v. Normaal Amsterdams Peil in cm,Gehele jaar,101,1231,Verhoogde waterstand (>25cm),25,80,3,2
krabbersgat.ijsselmeer,Waterhoogte in Oppervlaktewater t.o.v. Normaal Amsterdams Peil in cm,Gehele jaar,101,1231,Licht verhoogd (>15cm),15,25,4,3
krabbersgat.ijsselmeer,Waterhoogte in Oppervlaktewater t.o.v. Normaal Amsterdams Peil in cm,Gehele jaar,101,1231,Verlaagde waterstand (<-55cm),,-55,6,4
krabbersgat.ijsselmeer,Waterhoogte in Oppervlaktewater t.o.v. Normaal Amsterdams Peil in cm,Gehele jaar,101,1231,Normale waterstand (-55 -tot 15cm),-55,15,5,5
krabbersgat.markermeer,Waterhoogte in Oppervlaktewater t.o.v. Normaal Amsterdams Peil in cm,Gehele jaar,101,1231,Extreem hoogwater (>80cm),80,,1,0
krabbersgat.markermeer,Waterhoogte in Oppervlaktewater t.o.v. Normaal Amsterdams Peil in cm,Gehele jaar,101,1231,Hoogwater (>50cm),50,80,2,1
krabbersgat.markermeer,Waterhoogte in Oppervlaktewater t.o.v. Normaal Amsterdams Peil in cm,Gehele jaar,101,1231,Verhoogde waterstand (>40cm),40,50,3,2
krabbersgat.markermeer,Waterhoogte in Oppervlaktewater t.o.v. Normaal Amsterdams Peil in cm,Gehele jaar,101,1231,Licht verhoogd (>20cm),20,40,4,3
krabbersgat.markermeer,Waterhoogte in Oppervlaktewater t.o.v. Normaal Amsterdams Peil in cm,Gehele jaar,101,1231,Verlaagde waterstand (<-55cm),,-55,6,4
krabbersgat.markermeer,Waterhoogte in Oppervlaktewater t.o.v. Normaal Amsterdams Peil in cm,Gehele jaar,101,1231,Normaal (-55 tot 20cm),-55,20,5,5
krimpenaandeijssel.hollandscheijssel,Waterhoogte in Oppervlaktewater t.o.v. Normaal Amsterdams Peil in cm,Gehele jaar,101,1231,Extreem hoogwater (> 310cm),310,,1,0
krimpenaandeijssel.hollandscheijssel,Waterhoogte in Oppervlaktewater t.o.v. Normaal Amsterdams Peil in cm,Gehele jaar,101,1231,Hoogwater / Stormvloed (> 260cm),260,310,2,1
krimpenaandeijssel.hollandscheijssel,Waterhoogte in Oppervlaktewater t.o.v. Normaal Amsterdams Peil in cm,Gehele jaar,101,1231,Verhoogde waterstand (> 200cm),200,260,3,2
krimpenaandeijssel.hollandscheijssel,Waterhoogte in Oppervlaktewater t.o.v. Normaal Amsterdams Peil in cm,Gehele jaar,101,1231,Licht verhoogd (>180cm),180,200,4,3
krimpenaandeijssel.hollandscheijssel,Waterhoogte in Oppervlaktewater t.o.v. Normaal Amsterdams Peil in cm,Gehele jaar,101,1231,Verlaagde waterstand(< -65cm),,-65,6,4
krimpenaandeijssel.hollandscheijssel,Waterhoogte in Oppervlaktewater t.o.v. Normaal Amsterdams Peil in cm,Gehele jaar,101,1231,Normaal (-65 tot 180cm),-65,180,5,5
krimpenaandelek.lek,Waterhoogte in Oppervlaktewater t.o.v. Normaal Amsterdams Peil in cm,Gehele jaar,101,1231,Extreem hoogwater (> 310cm),310,,1,0
krimpenaandelek.lek,Waterhoogte in Oppervlaktewater t.o.v. Normaal Amsterdams Peil in cm,Gehele jaar,101,1231,Hoogwater / Stormvloed (> 280cm),280,310,2,1
krimpenaandelek.lek,Waterhoogte in Oppervlaktewater t.o.v. Normaal Amsterdams Peil in cm,Gehele jaar,101,1231,Verhoogde waterstand (> 230cm),230,280,3,2
krimpenaandelek.lek,Waterhoogte in Oppervlaktewater t.o.v. Normaal Amsterdams Peil in cm,Gehele jaar,101,1231,Licht verhoogd (>210cm),210,230,4,3
krimpenaandelek.lek,Waterhoogte in Oppervlaktewater t.o.v. Normaal Amsterdams Peil in cm,Gehele jaar,101,1231,Verlaagde waterstand(< -40cm),,-40,6,4
krimpenaandelek.lek,Waterhoogte in Oppervlaktewater t.o.v. Normaal Amsterdams Peil in cm,Gehele jaar,101,1231,Normaal (-40 tot 210cm),-40,230,5,5
lanaken,Waterhoogte in Oppervlaktewater t.o.v. Normaal Amsterdams Peil in cm,Gehele jaar,101,1231,Extreem hoogwater (>4370cm),4370,,1,0
lanaken,Waterhoogte in Oppervlaktewater t.o.v. Normaal Amsterdams Peil in cm,Gehele jaar,101,1231,Hoogwater (>4280cm),4280,4370,2,1
lanaken,Waterhoogte in Oppervlaktewater t.o.v. Normaal Amsterdams Peil in cm,Gehele jaar,101,1231,Verhoogde waterstand (>4115cm),4115,4280,3,2
lanaken,Waterhoogte in Oppervlaktewater t.o.v. Normaal Amsterdams Peil in cm,Gehele jaar,101,1231,Licht verhoogd (>4000cm),4000,4115,4,3
lanaken,Waterhoogte in Oppervlaktewater t.o.v. Normaal Amsterdams Peil in cm,Gehele jaar,101,1231,Verlaagde waterstand (<3610cm),,3610,6,4
lanaken,Waterhoogte in Oppervlaktewater t.o.v. Normaal Amsterdams Peil in cm,Gehele jaar,101,1231,Normaal (3610 tot 4000cm),3610,4000,5,5
lauwersoog.waddenzee,Waterhoogte in Oppervlaktewater t.o.v. Normaal Amsterdams Peil in cm,Gehele jaar,101,1231,Extreem hoogwater (> 400cm),400,,1,0
lauwersoog.waddenzee,Waterhoogte in Oppervlaktewater t.o.v. Normaal Amsterdams Peil in cm,Gehele jaar,101,1231,Stormvloed (> 340cm),340,400,2,1
lauwersoog.waddenzee,Waterhoogte in Oppervlaktewater t.o.v. Normaal Amsterdams Peil in cm,Gehele jaar,101,1231,Verhoogde waterstand (> 250cm),250,340,3,2
lauwersoog.waddenzee,Waterhoogte in Oppervlaktewater t.o.v. Normaal Amsterdams Peil in cm,Gehele jaar,101,1231,Licht verhoogd (>230cm),230,250,4,3
lauwersoog.waddenzee,Waterhoogte in Oppervlaktewater t.o.v. Normaal Amsterdams Peil in cm,Gehele jaar,101,1231,Laagwater (< -175cm),,-175,6,4
lauwersoog.waddenzee,Waterhoogte in Oppervlaktewater t.o.v. Normaal Amsterdams Peil in cm,Gehele jaar,101,1231,Normaal (-175 tot 230cm),-175,230,5,5
lelystad.houtribsluis.noord,Waterhoogte in Oppervlaktewater t.o.v. Normaal Amsterdams Peil in cm,Gehele jaar,101,1231,Extreem hoogwater (>110cm),110,,1,0
lelystad.houtribsluis.noord,Waterhoogte in Oppervlaktewater t.o.v. Normaal Amsterdams Peil in cm,Gehele jaar,101,1231,Hoogwater (>70cm),70,110,2,1
lelystad.houtribsluis.noord,Waterhoogte in Oppervlaktewater t.o.v. Normaal Amsterdams Peil in cm,Gehele jaar,101,1231,Verhoogde waterstand (>40cm),40,70,3,2
lelystad.houtribsluis.noord,Waterhoogte in Oppervlaktewater t.o.v. Normaal Amsterdams Peil in cm,Gehele jaar,101,1231,Licht verhoogd (>20cm),20,40,4,3
lelystad.houtribsluis.noord,Waterhoogte in Oppervlaktewater t.o.v. Normaal Amsterdams Peil in cm,Gehele jaar,101,1231,Verlaagde waterstand (<-55cm),,-55,6,4
lelystad.houtribsluis.noord,Waterhoogte in Oppervlaktewater t.o.v. Normaal Amsterdams Peil in cm,Gehele jaar,101,1231,Normaal (-55 tot 20cm),-55,20,5,5
lelystad.houtribsluis.zuid,Waterhoogte in Oppervlaktewater t.o.v. Normaal Amsterdams Peil in cm,Gehele jaar,101,1231,Extreem hoogwater (>110cm),110,,1,0
lelystad.houtribsluis.zuid,Waterhoogte in Oppervlaktewater t.o.v. Normaal Amsterdams Peil in cm,Gehele jaar,101,1231,Hoogwater (>90cm),90,110,2,1
lelystad.houtribsluis.zuid,Waterhoogte in Oppervlaktewater t.o.v. Normaal Amsterdams Peil in cm,Gehele jaar,101,1231,Verhoogde waterstand (>60cm),60,90,3,2
lelystad.houtribsluis.zuid,Waterhoogte in Oppervlaktewater t.o.v. Normaal Amsterdams Peil in cm,Gehele jaar,101,1231,Licht verhoogd (>20cm),20,60,4,3
lelystad.houtribsluis.zuid,Waterhoogte in Oppervlaktewater t.o.v. Normaal Amsterdams Peil in cm,Gehele jaar,101,1231,Verlaagde waterstand (<-55cm),,-55,6,4
lelystad.houtribsluis.zuid,Waterhoogte in Oppervlaktewater t.o.v. Normaal Amsterdams Peil in cm,Gehele jaar,101,1231,Normale waterstand (-55 tot 20cm),-55,20,5,5
lemmer.ijsselmeer,Waterhoogte in Oppervlaktewater t.o.v. Normaal Amsterdams Peil in cm,Gehele jaar,101,1231,Extreem hoogwater (> 170cm),170,,1,0
lemmer.ijsselmeer,Waterhoogte in Oppervlaktewater t.o.v. Normaal Amsterdams Peil in cm,Gehele jaar,101,1231,Hoogwater (> 150cm),150,170,2,1
lemmer.ijsselmeer,Waterhoogte in Oppervlaktewater t.o.v. Normaal Amsterdams Peil in cm,Gehele jaar,101,1231,Verhoogde waterstand (> 70cm),70,150,3,2
lemmer.ijsselmeer,Waterhoogte in Oppervlaktewater t.o.v. Normaal Amsterdams Peil in cm,Gehele jaar,101,1231,Licht verhoogd (>40cm),40,70,4,3
lemmer.ijsselmeer,Waterhoogte in Oppervlaktewater t.o.v. Normaal Amsterdams Peil in cm,Gehele jaar,101,1231,Verlaagde waterstand (< -50cm),,-50,6,4
lemmer.ijsselmeer,Waterhoogte in Oppervlaktewater t.o.v. Normaal Amsterdams Peil in cm,Gehele jaar,101,1231,Normaal (> -50cm),-50,40,5,5
lemmer.ijsselmeer.woudagemaal,Waterhoogte in Oppervlaktewater t.o.v. Normaal Amsterdams Peil in cm,Gehele jaar,101,1231,Extreem hoogwater (> 170cm),170,,1,0
lemmer.ijsselmeer.woudagemaal,Waterhoogte in Oppervlaktewater t.o.v. Normaal Amsterdams Peil in cm,Gehele jaar,101,1231,Hoogwater (>150cm),150,170,2,1
lemmer.ijsselmeer.woudagemaal,Waterhoogte in Oppervlaktewater t.o.v. Normaal Amsterdams Peil in cm,Gehele jaar,101,1231,Verhoogd (> 70cm),70,150,3,2
lemmer.ijsselmeer.woudagemaal,Waterhoogte in Oppervlaktewater t.o.v. Normaal Amsterdams Peil in cm,Gehele jaar,101,1231,Licht verhoogd (>35cm),35,70,4,3
lemmer.ijsselmeer.woudagemaal,Waterhoogte in Oppervlaktewater t.o.v. Normaal Amsterdams Peil in cm,Gehele jaar,101,1231,Verlaagd (<-50cm),,-50,6,4
lemmer.ijsselmeer.woudagemaal,Waterhoogte in Oppervlaktewater t.o.v. Normaal Amsterdams Peil in cm,Gehele jaar,101,1231,Normaal (-50 tot 35cm),-50,35,5,5
lemmer.woudagemaal.stroomkanaal,Waterhoogte in Oppervlaktewater t.o.v. Normaal Amsterdams Peil in cm,Gehele jaar,101,1231,Licht verhoogd (>-29cm),-29,,4,3
lemmer.woudagemaal.stroomkanaal,Waterhoogte in Oppervlaktewater t.o.v. Normaal Amsterdams Peil in cm,Gehele jaar,101,1231,Verlaagd (<-67cm),,-67,6,4
lemmer.woudagemaal.stroomkanaal,Waterhoogte in Oppervlaktewater t.o.v. Normaal Amsterdams Peil in cm,Gehele jaar,101,1231,Normaal (-66 tot -29cm),-67,-29,5,5
lierop.sluis10.beneden,Waterhoogte in Oppervlaktewater t.o.v. Normaal Amsterdams Peil in cm,Gehele jaar,101,1231,Verhoogde waterstand (>2097cm),2097,,3,2
lierop.sluis10.beneden,Waterhoogte in Oppervlaktewater t.o.v. Normaal Amsterdams Peil in cm,Gehele jaar,101,1231,Licht verhoogd (>2077cm),2077,2097,4,3
lierop.sluis10.beneden,Waterhoogte in Oppervlaktewater t.o.v. Normaal Amsterdams Peil in cm,Gehele jaar,101,1231,Verlaagde waterstand (<2047cm),,2047,6,4
lierop.sluis10.beneden,Waterhoogte in Oppervlaktewater t.o.v. Normaal Amsterdams Peil in cm,Gehele jaar,101,1231,Normaal (2047 tot 2077cm),2047,2077,5,5
lierop.sluis10.beneden,Waterhoogte in Oppervlaktewater t.o.v. Normaal Amsterdams Peil in cm,Gehele jaar,101,1231,Streefpeil (2067cm),2067,2067,0,10
lierop.sluis10.boven,Waterhoogte in Oppervlaktewater t.o.v. Normaal Amsterdams Peil in cm,Gehele jaar,101,1231,Verhoogde waterstand (>2298cm),2298,,3,2
lierop.sluis10.boven,Waterhoogte in Oppervlaktewater t.o.v. Normaal Amsterdams Peil in cm,Gehele jaar,101,1231,Licht verhoogd (>2278cm),2278,2298,4,3
lierop.sluis10.boven,Waterhoogte in Oppervlaktewater t.o.v. Normaal Amsterdams Peil in cm,Gehele jaar,101,1231,Verlaagde waterstand (<2238cm),,2238,6,4
lierop.sluis10.boven,Waterhoogte in Oppervlaktewater t.o.v. Normaal Amsterdams Peil in cm,Gehele jaar,101,1231,Normaal (2238 tot 2278cm),2238,2278,5,5
lierop.sluis10.boven,Waterhoogte in Oppervlaktewater t.o.v. Normaal Amsterdams Peil in cm,Gehele jaar,101,1231,Streefpeil (2258cm),2258,2258,0,10
lierop.sluis9.boven,Waterhoogte in Oppervlaktewater t.o.v. Normaal Amsterdams Peil in cm,Gehele jaar,101,1231,Verhoogde waterstand (>2097cm),2097,,3,2
lierop.sluis9.boven,Waterhoogte in Oppervlaktewater t.o.v. Normaal Amsterdams Peil in cm,Gehele jaar,101,1231,Licht verhoogd (>2077cm),2077,2097,4,3
lierop.sluis9.boven,Waterhoogte in Oppervlaktewater t.o.v. Normaal Amsterdams Peil in cm,Gehele jaar,101,1231,Verlaagde waterstand (<2027cm),,2047,6,4
lierop.sluis9.boven,Waterhoogte in Oppervlaktewater t.o.v. Normaal Amsterdams Peil in cm,Gehele jaar,101,1231,Normaal (2027-2077cm),2047,2077,5,5
lierop.sluis9.boven,Waterhoogte in Oppervlaktewater t.o.v. Normaal Amsterdams Peil in cm,Gehele jaar,101,1231,Streefpeil (2067cm),2067,2067,0,10
linne.stuw.beneden,Waterhoogte in Oppervlaktewater t.o.v. Normaal Amsterdams Peil in cm,Gehele jaar,101,1231,Extreem hoogwater (> 2140cm),2140,,1,0
linne.stuw.beneden,Waterhoogte in Oppervlaktewater t.o.v. Normaal Amsterdams Peil in cm,Gehele jaar,101,1231,Hoogwater (> 2065cm),2065,2140,2,1
linne.stuw.beneden,Waterhoogte in Oppervlaktewater t.o.v. Normaal Amsterdams Peil in cm,Gehele jaar,101,1231,Verhoogde waterstand (> 1930cm),1930,2065,3,2
linne.stuw.beneden,Waterhoogte in Oppervlaktewater t.o.v. Normaal Amsterdams Peil in cm,Gehele jaar,101,1231,Licht verhoogd (>1820cm),1820,1930,4,3
linne.stuw.beneden,Waterhoogte in Oppervlaktewater t.o.v. Normaal Amsterdams Peil in cm,Gehele jaar,101,1231,Verlaagde waterstand(< 1670cm),,1670,6,4
linne.stuw.beneden,Waterhoogte in Oppervlaktewater t.o.v. Normaal Amsterdams Peil in cm,Gehele jaar,101,1231,Normaal (1670 tot 1820cm),1670,1820,5,5
lith.boven,Waterhoogte in Oppervlaktewater t.o.v. Normaal Amsterdams Peil in cm,Gehele jaar,101,1231,Extreem hoogwater (>650cm),650,,1,0
lith.boven,Waterhoogte in Oppervlaktewater t.o.v. Normaal Amsterdams Peil in cm,Gehele jaar,101,1231,Hoogwater (>560cm),560,650,2,1
lith.boven,Waterhoogte in Oppervlaktewater t.o.v. Normaal Amsterdams Peil in cm,Gehele jaar,101,1231,Verhoogde waterstand (>520cm),520,560,3,2
lith.boven,Waterhoogte in Oppervlaktewater t.o.v. Normaal Amsterdams Peil in cm,Gehele jaar,101,1231,Licht verhoogd (>510cm),510,520,4,3
lith.boven,Waterhoogte in Oppervlaktewater t.o.v. Normaal Amsterdams Peil in cm,Gehele jaar,101,1231,Verlaagde waterstand (<400cm),,400,6,4
lith.boven,Waterhoogte in Oppervlaktewater t.o.v. Normaal Amsterdams Peil in cm,Gehele jaar,101,1231,Normale waterstand (400 tot 510cm),400,510,5,5
lith.sluis,Waterhoogte in Oppervlaktewater t.o.v. Normaal Amsterdams Peil in cm,Gehele jaar,101,1231,Extreem hoogwater (> 630cm),630,,1,0
lith.sluis,Waterhoogte in Oppervlaktewater t.o.v. Normaal Amsterdams Peil in cm,Gehele jaar,101,1231,Hoogwater (> 540cm),540,630,2,1
lith.sluis,Waterhoogte in Oppervlaktewater t.o.v. Normaal Amsterdams Peil in cm,Gehele jaar,101,1231,Verhoogde waterstand (> 450cm),450,540,3,2
lith.sluis,Waterhoogte in Oppervlaktewater t.o.v. Normaal Amsterdams Peil in cm,Gehele jaar,101,1231,Licht verhoogd (>300cm),300,450,4,3
lith.sluis,Waterhoogte in Oppervlaktewater t.o.v. Normaal Amsterdams Peil in cm,Gehele jaar,101,1231,Laagwater (< 0cm),,-1,6,4
lith.sluis,Waterhoogte in Oppervlaktewater t.o.v. Normaal Amsterdams Peil in cm,Gehele jaar,101,1231,Normaal (> 0cm),-1,300,5,5
lobith.bovenrijn.haven,Waterhoogte in Oppervlaktewater t.o.v. Normaal Amsterdams Peil in cm,Gehele jaar,101,1231,Extreem hoog water (>1630cm),1630,,1,0
lobith.bovenrijn.haven,Waterhoogte in Oppervlaktewater t.o.v. Normaal Amsterdams Peil in cm,Gehele jaar,101,1231,Hoog water (>1480cm),1480,1630,2,1
lobith.bovenrijn.haven,Waterhoogte in Oppervlaktewater t.o.v. Normaal Amsterdams Peil in cm,Gehele jaar,101,1231,Verhoogd (>1280cm),1280,1480,3,2
lobith.bovenrijn.haven,Waterhoogte in Oppervlaktewater t.o.v. Normaal Amsterdams Peil in cm,Gehele jaar,101,1231,Licht verhoogd (>1170cm),1170,1280,4,3
lobith.bovenrijn.haven,Waterhoogte in Oppervlaktewater t.o.v. Normaal Amsterdams Peil in cm,Gehele jaar,101,1231,Verlaagd (<720cm),,720,6,4
lobith.bovenrijn.haven,Waterhoogte in Oppervlaktewater t.o.v. Normaal Amsterdams Peil in cm,Gehele jaar,101,1231,Normaal (720 tot 1170cm),720,1170,5,5
lobith.bovenrijn.tolkamer,Debiet in Oppervlaktewater in m3/s,Augustus,801,831,Verlaagd (<1100 m3/s),,1100,6,4
lobith.bovenrijn.tolkamer,Debiet in Oppervlaktewater in m3/s,Augustus,801,831,Normaal (1100 - 4450m3/s),1100,4450,5,5
lobith.bovenrijn.tolkamer,Debiet in Oppervlaktewater in m3/s,Gehele jaar,101,1231,Extreme afvoer (>11800 m3/s),11800,,1,0
lobith.bovenrijn.tolkamer,Debiet in Oppervlaktewater in m3/s,Gehele jaar,101,1231,Hoge afvoer (>8100 m3/s),8100,11800,2,1
lobith.bovenrijn.tolkamer,Debiet in Oppervlaktewater in m3/s,Gehele jaar,101,1231,Verhoogd (>5400m3/s),5400,8100,3,2
lobith.bovenrijn.tolkamer,Debiet in Oppervlaktewater in m3/s,Gehele jaar,101,1231,Licht verhoogd (>4450 m3/s),4450,5400,4,3
lobith.bovenrijn.tolkamer,Debiet in Oppervlaktewater in m3/s,Juli,701,731,Verlaagd (<1200 m3/s),,1200,6,4
lobith.bovenrijn.tolkamer,Debiet in Oppervlaktewater in m3/s,Juli,701,731,Normaal (1200 - 4450m3/s),1200,4450,5,5
lobith.bovenrijn.tolkamer,Debiet in Oppervlaktewater in m3/s,Juni,601,630,Verlaagd (<1300 m3/s),,1300,6,4
lobith.bovenrijn.tolkamer,Debiet in Oppervlaktewater in m3/s,Juni,601,630,Normaal (1300 - 4450m3/s),1300,4450,5,5
lobith.bovenrijn.tolkamer,Debiet in Oppervlaktewater in m3/s,Mei,501,531,Verlaagde afvoer (<1400m3/s),,1400,6,4
lobith.bovenrijn.tolkamer,Debiet in Oppervlaktewater in m3/s,Mei,501,531,Normale afvoer (>1400 m3/s),1400,4450,5,5
lobith.bovenrijn.tolkamer,Debiet in Oppervlaktewater in m3/s,September,901,930,Verlaagd (<1000m3/s),,1000,6,4
lobith.bovenrijn.tolkamer,Debiet in Oppervlaktewater in m3/s,September,901,930,Normaal (1000 - 4450m3/s),1000,4450,5,5
lobith.bovenrijn.tolkamer,Debiet in Oppervlaktewater in m3/s,Winterstand,1001,430,Verlaagd (<1000m3/s),,1000,6,4
lobith.bovenrijn.tolkamer,Debiet in Oppervlaktewater in m3/s,Winterstand,1001,430,Normaal (1000 - 4450m3/s),1000,4450,5,5
lobith.bovenrijn.tolkamer,Waterhoogte in Oppervlaktewater t.o.v. Normaal Amsterdams Peil in cm,Augustus,801,831,Verlaagd (<745cm),,745,6,4
lobith.bovenrijn.tolkamer,Waterhoogte in Oppervlaktewater t.o.v. Normaal Amsterdams Peil in cm,Augustus,801,831,Normaal (745 - 1200cm),745,1200,5,5
lobith.bovenrijn.tolkamer,Waterhoogte in Oppervlaktewater t.o.v. Normaal Amsterdams Peil in cm,Gehele jaar,101,1231,Extreem hoogwater (> 1650cm),1650,,1,0
lobith.bovenrijn.tolkamer,Waterhoogte in Oppervlaktewater t.o.v. Normaal Amsterdams Peil in cm,Gehele jaar,101,1231,Hoogwater (> 1500cm),1500,1650,2,1
lobith.bovenrijn.tolkamer,Waterhoogte in Oppervlaktewater t.o.v. Normaal Amsterdams Peil in cm,Gehele jaar,101,1231,Verhoogd (1300 - 1500cm),1300,1500,3,2
lobith.bovenrijn.tolkamer,Waterhoogte in Oppervlaktewater t.o.v. Normaal Amsterdams Peil in cm,Gehele jaar,101,1231,Licht verhoogd (>1200cm),1200,1300,4,3
lobith.bovenrijn.tolkamer,Waterhoogte in Oppervlaktewater t.o.v. Normaal Amsterdams Peil in cm,Juli,701,731,Verlaagd (<770cm),,770,6,4
lobith.bovenrijn.tolkamer,Waterhoogte in Oppervlaktewater t.o.v. Normaal Amsterdams Peil in cm,Juli,701,731,Normaal (770 - 1200cm),770,1200,5,5
lobith.bovenrijn.tolkamer,Waterhoogte in Oppervlaktewater t.o.v. Normaal Amsterdams Peil in cm,Juni,601,630,Verlaagde waterstand (< 790cm),,790,6,4
lobith.bovenrijn.tolkamer,Waterhoogte in Oppervlaktewater t.o.v. Normaal Amsterdams Peil in cm,Juni,601,630,Normaal (790 - 1200cm),790,1200,5,5
lobith.bovenrijn.tolkamer,Waterhoogte in Oppervlaktewater t.o.v. Normaal Amsterdams Peil in cm,Mei,501,531,Verlaagde waterstand (< 810cm),,810,6,4
lobith.bovenrijn.tolkamer,Waterhoogte in Oppervlaktewater t.o.v. Normaal Amsterdams Peil in cm,Mei,501,531,Normaal (> 810cm),810,1200,5,5
lobith.bovenrijn.tolkamer,Waterhoogte in Oppervlaktewater t.o.v. Normaal Amsterdams Peil in cm,September,901,930,Verlaagd (<720cm),,720,6,4
lobith.bovenrijn.tolkamer,Waterhoogte in Oppervlaktewater t.o.v. Normaal Amsterdams Peil in cm,September,901,930,Normaal (720 - 1200cm),720,1200,5,5
lobith.bovenrijn.tolkamer,Waterhoogte in Oppervlaktewater t.o.v. Normaal Amsterdams Peil in cm,Winterstand,1001,430,Verlaagd (<720cm),,720,6,4
lobith.bovenrijn.tolkamer,Waterhoogte in Oppervlaktewater t.o.v. Normaal Amsterdams Peil in cm,Winterstand,1001,430,Normaal (720 - 1200cm),720,1200,5,5
maarssen.kanaal,Waterhoogte in Oppervlaktewater t.o.v. Normaal Amsterdams Peil in cm,Gehele jaar,101,1231,Extreem hoogwater (> 0cm),0,,1,0
maarssen.kanaal,Waterhoogte in Oppervlaktewater t.o.v. Normaal Amsterdams Peil in cm,Gehele jaar,101,1231,Hoogwater (> -15cm),-15,0,2,1
maarssen.kanaal,Waterhoogte in Oppervlaktewater t.o.v. Normaal Amsterdams Peil in cm,Gehele jaar,101,1231,Verhoogde waterstand (> -25cm),-24,-15,3,2
maarssen.kanaal,Waterhoogte in Oppervlaktewater t.o.v. Normaal Amsterdams Peil in cm,Gehele jaar,101,1231,Licht verhoogd (>-30cm),-30,-24,4,3
maarssen.kanaal,Waterhoogte in Oppervlaktewater t.o.v. Normaal Amsterdams Peil in cm,Gehele jaar,101,1231,Laagwater (< -55cm),,-55,6,4
maarssen.kanaal,Waterhoogte in Oppervlaktewater t.o.v. Normaal Amsterdams Peil in cm,Gehele jaar,101,1231,Normaal (-55 tot -30cm),-55,-30,5,5
maaseik,Debiet in Oppervlaktewater in m3/s,Gehele jaar,101,1231,Extreme afvoer (>2600m3/s),2600,,1,0
maaseik,Debiet in Oppervlaktewater in m3/s,Gehele jaar,101,1231,Hoge afvoer (>2000m3/s),2000,2600,2,1
maaseik,Debiet in Oppervlaktewater in m3/s,Gehele jaar,101,1231,Verhoogde afvoer (>1250m3/s),1250,2000,3,2
maaseik,Debiet in Oppervlaktewater in m3/s,Gehele jaar,101,1231,Licht verhoogd (>800 m3/s),800,1250,4,3
maaseik,Debiet in Oppervlaktewater in m3/s,Gehele jaar,101,1231,Verlaagde afvoer (<25m3/s),,25,6,4
maaseik,Debiet in Oppervlaktewater in m3/s,Gehele jaar,101,1231,Normaal (25 tot 800m3/s),25,800,5,5
maaseik,Waterhoogte in Oppervlaktewater t.o.v. Normaal Amsterdams Peil in cm,Gehele jaar,101,1231,Extreem hoogwater (>2940cm),2940,,1,0
maaseik,Waterhoogte in Oppervlaktewater t.o.v. Normaal Amsterdams Peil in cm,Gehele jaar,101,1231,Hoogwater (>2830cm),2830,2940,2,1
maaseik,Waterhoogte in Oppervlaktewater t.o.v. Normaal Amsterdams Peil in cm,Gehele jaar,101,1231,Verhoogde waterstand (>2615cm),2615,2830,3,2
maaseik,Waterhoogte in Oppervlaktewater t.o.v. Normaal Amsterdams Peil in cm,Gehele jaar,101,1231,Licht verhoogd (>2460cm),2460,2615,4,3
maaseik,Waterhoogte in Oppervlaktewater t.o.v. Normaal Amsterdams Peil in cm,Gehele jaar,101,1231,Verlaagde waterstand (<2085cm),,2085,6,4
maaseik,Waterhoogte in Oppervlaktewater t.o.v. Normaal Amsterdams Peil in cm,Gehele jaar,101,1231,Normaal (2085 - 2460cm),2085,2460,5,5
maassluis,Waterhoogte in Oppervlaktewater t.o.v. Normaal Amsterdams Peil in cm,Gehele jaar,101,1231,Extreem hoogwater (> 310cm),310,,1,0
maassluis,Waterhoogte in Oppervlaktewater t.o.v. Normaal Amsterdams Peil in cm,Gehele jaar,101,1231,Hoogwater / Stormvloed (> 280cm),280,310,2,1
maassluis,Waterhoogte in Oppervlaktewater t.o.v. Normaal Amsterdams Peil in cm,Gehele jaar,101,1231,Verhoogde waterstand (> 210cm),210,280,3,2
maassluis,Waterhoogte in Oppervlaktewater t.o.v. Normaal Amsterdams Peil in cm,Gehele jaar,101,1231,Licht verhoogd (>190cm),190,210,4,3
maassluis,Waterhoogte in Oppervlaktewater t.o.v. Normaal Amsterdams Peil in cm,Gehele jaar,101,1231,Laagwater (< -83cm),,-83,6,4
maassluis,Waterhoogte in Oppervlaktewater t.o.v. Normaal Amsterdams Peil in cm,Gehele jaar,101,1231,Normaal (-83 tot 190cm),-83,190,5,5
maastricht.borgharen.julianakanaal,Waterhoogte in Oppervlaktewater t.o.v. Normaal Amsterdams Peil in cm,Gehele jaar,101,1231,Extreem hoogwater (>4555cm),4555,,1,0
maastricht.borgharen.julianakanaal,Waterhoogte in Oppervlaktewater t.o.v. Normaal Amsterdams Peil in cm,Gehele jaar,101,1231,Hoogwater (>4480cm),4480,4555,2,1
maastricht.borgharen.julianakanaal,Waterhoogte in Oppervlaktewater t.o.v. Normaal Amsterdams Peil in cm,Gehele jaar,101,1231,Verhoogde waterstand (>4440cm),4440,4480,3,2
maastricht.borgharen.julianakanaal,Waterhoogte in Oppervlaktewater t.o.v. Normaal Amsterdams Peil in cm,Gehele jaar,101,1231,Licht verhoogd (>4430cm),4431,4440,4,3
maastricht.borgharen.julianakanaal,Waterhoogte in Oppervlaktewater t.o.v. Normaal Amsterdams Peil in cm,Gehele jaar,101,1231,Verlaagde waterstand (<4380cm),,4380,6,4
maastricht.borgharen.julianakanaal,Waterhoogte in Oppervlaktewater t.o.v. Normaal Amsterdams Peil in cm,Gehele jaar,101,1231,Normaal (4380 tot 4430cm),4380,4431,5,5
maastricht.borgharen.maas.beneden,Debiet in Oppervlaktewater in m3/s,Gehele jaar,101,1231,Extreme afvoer (>2600m3/s),2600,,1,0
maastricht.borgharen.maas.beneden,Debiet in Oppervlaktewater in m3/s,Gehele jaar,101,1231,Hoge afvoer (>2000m3/s),2000,2600,2,1
maastricht.borgharen.maas.beneden,Debiet in Oppervlaktewater in m3/s,Gehele jaar,101,1231,Verhoogde afvoer (>1250m3/s),1250,2000,3,2
maastricht.borgharen.maas.beneden,Debiet in Oppervlaktewater in m3/s,Gehele jaar,101,1231,Licht verhoogd (>800 m3/s),800,1250,4,3
maastricht.borgharen.maas.beneden,Debiet in Oppervlaktewater in m3/s,Gehele jaar,101,1231,Verlaagde afvoer (<12m3/s),,12,6,4
maastricht.borgharen.maas.beneden,Debiet in Oppervlaktewater in m3/s,Gehele jaar,101,1231,Normale afvoer (12 tot 800m3/s),12,800,5,5
maastricht.borgharen.maas.beneden,Waterhoogte in Oppervlaktewater t.o.v. Normaal Amsterdams Peil in cm,Gehele jaar,101,1231,Extreem hoogwater (>4425cm),4425,,1,0
maastricht.borgharen.maas.beneden,Waterhoogte in Oppervlaktewater t.o.v. Normaal Amsterdams Peil in cm,Gehele jaar,101,1231,Hoogwater (>4325cm),4325,4425,2,1
maastricht.borgharen.maas.beneden,Waterhoogte in Oppervlaktewater t.o.v. Normaal Amsterdams Peil in cm,Gehele jaar,101,1231,Verhoogde waterstand (>4170cm),4170,4325,3,2
maastricht.borgharen.maas.beneden,Waterhoogte in Oppervlaktewater t.o.v. Normaal Amsterdams Peil in cm,Gehele jaar,101,1231,Licht verhoogd (>4065cm),4065,4170,4,3
maastricht.borgharen.maas.beneden,Waterhoogte in Oppervlaktewater t.o.v. Normaal Amsterdams Peil in cm,Gehele jaar,101,1231,Verlaagde waterstand (<3750cm),,3750,6,4
maastricht.borgharen.maas.beneden,Waterhoogte in Oppervlaktewater t.o.v. Normaal Amsterdams Peil in cm,Gehele jaar,101,1231,Normaal (3750 tot 4065cm),3750,4065,5,5
maastricht.sintpieter,Debiet in Oppervlaktewater in m3/s,Gehele jaar,101,1231,Extreme afvoer (>2600 m3/s),2600,,1,0
maastricht.sintpieter,Debiet in Oppervlaktewater in m3/s,Gehele jaar,101,1231,Hoge afvoer (>2000 m3/s),2000,2600,2,1
maastricht.sintpieter,Debiet in Oppervlaktewater in m3/s,Gehele jaar,101,1231,Verhoogde afvoer (>1250 m3/s),1250,2000,3,2
maastricht.sintpieter,Debiet in Oppervlaktewater in m3/s,Gehele jaar,101,1231,Licht verhoogd (>800 m3/s),800,1250,4,3
maastricht.sintpieter,Debiet in Oppervlaktewater in m3/s,Gehele jaar,101,1231,Verlaagde afvoer (<25 m3/s),,25,6,4
maastricht.sintpieter,Debiet in Oppervlaktewater in m3/s,Gehele jaar,101,1231,Normale afvoer (25 tot 800 m3/s),25,800,5,5
maastricht.sintpieter,Waterhoogte in Oppervlaktewater t.o.v. Normaal Amsterdams Peil in cm,Gehele jaar,101,1231,Extreem hoogwater (> 4725cm),4725,,1,0
maastricht.sintpieter,Waterhoogte in Oppervlaktewater t.o.v. Normaal Amsterdams Peil in cm,Gehele jaar,101,1231,Hoogwater (> 4620cm),4620,4725,2,1
maastricht.sintpieter,Waterhoogte in Oppervlaktewater t.o.v. Normaal Amsterdams Peil in cm,Gehele jaar,101,1231,Verhoogde waterstand (> 4500cm),4500,4620,3,2
maastricht.sintpieter,Waterhoogte in Oppervlaktewater t.o.v. Normaal Amsterdams Peil in cm,Gehele jaar,101,1231,Licht verhoogd (>4455cm),4455,4500,4,3
maastricht.sintpieter,Waterhoogte in Oppervlaktewater t.o.v. Normaal Amsterdams Peil in cm,Gehele jaar,101,1231,Laagwater (< 4390cm),,4390,6,4
maastricht.sintpieter,Waterhoogte in Oppervlaktewater t.o.v. Normaal Amsterdams Peil in cm,Gehele jaar,101,1231,Normaal (4390 tot 4455cm),4390,4455,5,5
maastricht.sintpieter.zuid,Waterhoogte in Oppervlaktewater t.o.v. Normaal Amsterdams Peil in cm,Gehele jaar,101,1231,Extreem hoog water (>4725cm),4725,,1,0
maastricht.sintpieter.zuid,Waterhoogte in Oppervlaktewater t.o.v. Normaal Amsterdams Peil in cm,Gehele jaar,101,1231,Hoogwater (>4620cm),4620,4725,2,1
maastricht.sintpieter.zuid,Waterhoogte in Oppervlaktewater t.o.v. Normaal Amsterdams Peil in cm,Gehele jaar,101,1231,Verhoogde waterstand (>4495cm),4500,4620,3,2
maastricht.sintpieter.zuid,Waterhoogte in Oppervlaktewater t.o.v. Normaal Amsterdams Peil in cm,Gehele jaar,101,1231,Licht verhoogd (>4455cm),4455,4500,4,3
maastricht.sintpieter.zuid,Waterhoogte in Oppervlaktewater t.o.v. Normaal Amsterdams Peil in cm,Gehele jaar,101,1231,Verlaagd (<4390cm),,4390,6,4
maastricht.sintpieter.zuid,Waterhoogte in Oppervlaktewater t.o.v. Normaal Amsterdams Peil in cm,Gehele jaar,101,1231,Normale waterstand (4390-4455cm),4390,4455,5,5
markelo,Debiet in Oppervlaktewater in m3/s,Gehele jaar,101,1231,Hoge afvoer (>80m3/s),80,,2,1
markelo,Debiet in Oppervlaktewater in m3/s,Gehele jaar,101,1231,Verhoogde afvoer (>40m3/s),40,80,3,2
markelo,Debiet in Oppervlaktewater in m3/s,Gehele jaar,101,1231,Licht verhoogd (>25m3/s),25,40,4,3
markelo,Debiet in Oppervlaktewater in m3/s,Gehele jaar,101,1231,Verhoogde aanvoer (<-25m3/s),,-25,6,4
markelo,Debiet in Oppervlaktewater in m3/s,Gehele jaar,101,1231,Normaal (-25 tot 25m3/s),-25,25,5,5
markelo,Waterhoogte in Oppervlaktewater t.o.v. Normaal Amsterdams Peil in cm,Gehele jaar,101,1231,Extreem hoogwater (>1080cm),1080,,1,0
markelo,Waterhoogte in Oppervlaktewater t.o.v. Normaal Amsterdams Peil in cm,Gehele jaar,101,1231,Hoogwater (>1042cm),1042,1080,2,1
markelo,Waterhoogte in Oppervlaktewater t.o.v. Normaal Amsterdams Peil in cm,Gehele jaar,101,1231,Verhoogde waterstand (>1030cm),1030,1042,3,2
markelo,Waterhoogte in Oppervlaktewater t.o.v. Normaal Amsterdams Peil in cm,Gehele jaar,101,1231,Licht verhoogd (>1010cm),1011,1030,4,3
markelo,Waterhoogte in Oppervlaktewater t.o.v. Normaal Amsterdams Peil in cm,Gehele jaar,101,1231,Verlaagde waterstand (<989cm),,989,6,4
markelo,Waterhoogte in Oppervlaktewater t.o.v. Normaal Amsterdams Peil in cm,Gehele jaar,101,1231,Normale waterstand (van 990 tot 1010cm),989,1011,5,5
markermeer.midden,Waterhoogte in Oppervlaktewater t.o.v. Normaal Amsterdams Peil in cm,Gehele jaar,101,1231,Extreem hoog water (>50cm),50,,1,0
markermeer.midden,Waterhoogte in Oppervlaktewater t.o.v. Normaal Amsterdams Peil in cm,Gehele jaar,101,1231,Hoog water (>10cm),10,50,2,1
markermeer.midden,Waterhoogte in Oppervlaktewater t.o.v. Normaal Amsterdams Peil in cm,Gehele jaar,101,1231,Verhoogd (>0cm),0,10,3,2
markermeer.midden,Waterhoogte in Oppervlaktewater t.o.v. Normaal Amsterdams Peil in cm,Gehele jaar,101,1231,Licht verhoogd (>-10cm),-9,0,4,3
markermeer.midden,Waterhoogte in Oppervlaktewater t.o.v. Normaal Amsterdams Peil in cm,IJsselmeerWinter,1001,331,Verlaagd (<-45cm),,-45,6,4
markermeer.midden,Waterhoogte in Oppervlaktewater t.o.v. Normaal Amsterdams Peil in cm,IJsselmeerWinter,1001,331,Normaal (-45 tot -10cm),-45,-9,5,5
markermeer.midden,Waterhoogte in Oppervlaktewater t.o.v. Normaal Amsterdams Peil in cm,IJsselmeerZomer,401,930,Verlaagd (<-30cm),,-30,6,4
markermeer.midden,Waterhoogte in Oppervlaktewater t.o.v. Normaal Amsterdams Peil in cm,IJsselmeerZomer,401,930,Normaal (-30 tot -10cm),-30,-9,5,5
marollegat,Waterhoogte in Oppervlaktewater t.o.v. Normaal Amsterdams Peil in cm,Gehele jaar,101,1231,Extreem hoogwater (>380cm),380,,1,0
marollegat,Waterhoogte in Oppervlaktewater t.o.v. Normaal Amsterdams Peil in cm,Gehele jaar,101,1231,Stormvloed (>350cm),350,380,2,1
marollegat,Waterhoogte in Oppervlaktewater t.o.v. Normaal Amsterdams Peil in cm,Gehele jaar,101,1231,Verhoogd (>320cm),320,350,3,2
marollegat,Waterhoogte in Oppervlaktewater t.o.v. Normaal Amsterdams Peil in cm,Gehele jaar,101,1231,Licht verhoogd (>290cm),290,320,4,3
marollegat,Waterhoogte in Oppervlaktewater t.o.v. Normaal Amsterdams Peil in cm,Gehele jaar,101,1231,Verlaagd (<-209cm),,-209,6,4
marollegat,Waterhoogte in Oppervlaktewater t.o.v. Normaal Amsterdams Peil in cm,Gehele jaar,101,1231,Normaal (-209 tot 290cm),-209,290,5,5
megen.maas,Debiet in Oppervlaktewater in m3/s,Gehele jaar,101,1231,Extreme afvoer (>2800 m3/s),2800,,1,0
megen.maas,Debiet in Oppervlaktewater in m3/s,Gehele jaar,101,1231,Hoge afvoer (>2300 m3/s),2300,2800,2,1
megen.maas,Debiet in Oppervlaktewater in m3/s,Gehele jaar,101,1231,Verhoogde afvoer (>1800 m3/s),1800,2300,3,2
megen.maas,Debiet in Oppervlaktewater in m3/s,Gehele jaar,101,1231,Licht verhoogd (>1000 m3/s),1000,1800,4,3
megen.maas,Debiet in Oppervlaktewater in m3/s,Gehele jaar,101,1231,Verlaagde afvoer (<25 m3/s),,25,6,4
megen.maas,Debiet in Oppervlaktewater in m3/s,Gehele jaar,101,1231,Normale afvoer (25 tot 1000 m3/s),25,1000,5,5
megen.maas,Waterhoogte in Oppervlaktewater t.o.v. Normaal Amsterdams Peil in cm,Gehele jaar,101,1231,Extreem hoogwater (> 815cm),815,,1,0
megen.maas,Waterhoogte in Oppervlaktewater t.o.v. Normaal Amsterdams Peil in cm,Gehele jaar,101,1231,Hoogwater (> 740cm),740,815,2,1
megen.maas,Waterhoogte in Oppervlaktewater t.o.v. Normaal Amsterdams Peil in cm,Gehele jaar,101,1231,Verhoogde waterstand (> 640cm),640,740,3,2
megen.maas,Waterhoogte in Oppervlaktewater t.o.v. Normaal Amsterdams Peil in cm,Gehele jaar,101,1231,Licht verhoogd (>540cm),540,640,4,3
megen.maas,Waterhoogte in Oppervlaktewater t.o.v. Normaal Amsterdams Peil in cm,Gehele jaar,101,1231,Laagwater (< 460cm),,460,6,4
megen.maas,Waterhoogte in Oppervlaktewater t.o.v. Normaal Amsterdams Peil in cm,Gehele jaar,101,1231,Normaal (460 tot 540cm),460,540,5,5
meijel.kanaal.boven,Debiet in Oppervlaktewater in m3/s,Gehele jaar,101,1231,Licht verhoogd (>4m3/s),4,,4,3
meijel.kanaal.boven,Debiet in Oppervlaktewater in m3/s,Gehele jaar,101,1231,Verlaagd (<1m3/s),,1,6,4
meijel.kanaal.boven,Debiet in Oppervlaktewater in m3/s,Gehele jaar,101,1231,Normaal (1 tot 4m3/s),1,4,5,5
meijel.kanaal.boven,Waterhoogte in Oppervlaktewater t.o.v. Normaal Amsterdams Peil in cm,Gehele jaar,101,1231,Verhoogde waterstand (>3195cm),3195,,3,2
meijel.kanaal.boven,Waterhoogte in Oppervlaktewater t.o.v. Normaal Amsterdams Peil in cm,Gehele jaar,101,1231,Licht verhoogd (>3180cm),3180,3195,4,3
meijel.kanaal.boven,Waterhoogte in Oppervlaktewater t.o.v. Normaal Amsterdams Peil in cm,Gehele jaar,101,1231,Verlaagde waterstand (<3143cm),,3143,6,4
meijel.kanaal.boven,Waterhoogte in Oppervlaktewater t.o.v. Normaal Amsterdams Peil in cm,Gehele jaar,101,1231,Normaal (3143-3180cm),3143,3180,5,5
meijel.kanaal.boven,Waterhoogte in Oppervlaktewater t.o.v. Normaal Amsterdams Peil in cm,Gehele jaar,101,1231,Streefpeil (3165cm),3165,3165,0,10
meppel.hoofdvaart,Waterhoogte in Oppervlaktewater t.o.v. Normaal Amsterdams Peil in cm,Gehele jaar,101,1231,Extreem hoogwater (>110cm),110,,1,0
meppel.hoofdvaart,Waterhoogte in Oppervlaktewater t.o.v. Normaal Amsterdams Peil in cm,Gehele jaar,101,1231,Hoogwater (>80cm),80,110,2,1
meppel.hoofdvaart,Waterhoogte in Oppervlaktewater t.o.v. Normaal Amsterdams Peil in cm,Gehele jaar,101,1231,Verhoogde waterstand (>57cm),57,80,3,2
meppel.hoofdvaart,Waterhoogte in Oppervlaktewater t.o.v. Normaal Amsterdams Peil in cm,Gehele jaar,101,1231,Licht verhoogd (>45cm),45,57,4,3
meppel.hoofdvaart,Waterhoogte in Oppervlaktewater t.o.v. Normaal Amsterdams Peil in cm,Gehele jaar,101,1231,Verlaagde waterstand (< -55cm),,-55,6,4
meppel.hoofdvaart,Waterhoogte in Oppervlaktewater t.o.v. Normaal Amsterdams Peil in cm,Gehele jaar,101,1231,Normaal (-55 tot 45 cm),-55,45,5,5
moerdijk,Waterhoogte in Oppervlaktewater t.o.v. Normaal Amsterdams Peil in cm,Gehele jaar,101,1231,Extreem hoogwater (> 235cm),235,,1,0
moerdijk,Waterhoogte in Oppervlaktewater t.o.v. Normaal Amsterdams Peil in cm,Gehele jaar,101,1231,Hoogwater / Stormvloed (> 210cm),210,235,2,1
moerdijk,Waterhoogte in Oppervlaktewater t.o.v. Normaal Amsterdams Peil in cm,Gehele jaar,101,1231,Verhoogde waterstand (> 180cm),180,210,3,2
moerdijk,Waterhoogte in Oppervlaktewater t.o.v. Normaal Amsterdams Peil in cm,Gehele jaar,101,1231,Laagwater (< 0cm),,0,6,4
moerdijk,Waterhoogte in Oppervlaktewater t.o.v. Normaal Amsterdams Peil in cm,Gehele jaar,101,1231,Normaal (> 0cm),0,180,5,5
mook,Waterhoogte in Oppervlaktewater t.o.v. Normaal Amsterdams Peil in cm,Gehele jaar,101,1231,Extreem hoogwater (> 1105cm),1105,,1,0
mook,Waterhoogte in Oppervlaktewater t.o.v. Normaal Amsterdams Peil in cm,Gehele jaar,101,1231,Hoogwater (> 1000cm),1000,1105,2,1
mook,Waterhoogte in Oppervlaktewater t.o.v. Normaal Amsterdams Peil in cm,Gehele jaar,101,1231,Verhoogde waterstand (> 830cm),830,1000,3,2
mook,Waterhoogte in Oppervlaktewater t.o.v. Normaal Amsterdams Peil in cm,Gehele jaar,101,1231,Licht verhoogd (820cm),820,830,4,3
mook,Waterhoogte in Oppervlaktewater t.o.v. Normaal Amsterdams Peil in cm,Gehele jaar,101,1231,Verlaagde waterstand(< 775cm),,775,6,4
mook,Waterhoogte in Oppervlaktewater t.o.v. Normaal Amsterdams Peil in cm,Gehele jaar,101,1231,Normaal (775 tot 820cm),775,820,5,5
nederweert.sluis15.boven,Waterhoogte in Oppervlaktewater t.o.v. Normaal Amsterdams Peil in cm,Gehele jaar,101,1231,Verhoogde waterstand (>3400cm),3400,,3,2
nederweert.sluis15.boven,Waterhoogte in Oppervlaktewater t.o.v. Normaal Amsterdams Peil in cm,Gehele jaar,101,1231,Licht verhoogd (>3376cm),3376,3400,4,3
nederweert.sluis15.boven,Waterhoogte in Oppervlaktewater t.o.v. Normaal Amsterdams Peil in cm,Gehele jaar,101,1231,Verlaagde waterstand (<3347cm),,3347,6,4
nederweert.sluis15.boven,Waterhoogte in Oppervlaktewater t.o.v. Normaal Amsterdams Peil in cm,Gehele jaar,101,1231,Normaal (3347-3376cm),3347,3376,5,5
nederweert.sluis15.boven,Waterhoogte in Oppervlaktewater t.o.v. Normaal Amsterdams Peil in cm,Gehele jaar,101,1231,Streefpeil (3361cm),3361,3361,0,10
nederweerteind.noordervaart,Debiet in Oppervlaktewater in m3/s,Gehele jaar,101,1231,Licht verhoogd (>4 m3/s),4,,4,3
nederweerteind.noordervaart,Debiet in Oppervlaktewater in m3/s,Gehele jaar,101,1231," Verlaagd (<1 m3/s)",,1,6,4
nederweerteind.noordervaart,Debiet in Oppervlaktewater in m3/s,Gehele jaar,101,1231,Normaal (1 tot 4 m3/s),1,4,5,5
nederweerteind.noordervaart,Waterhoogte in Oppervlaktewater t.o.v. Normaal Amsterdams Peil in cm,Gehele jaar,101,1231,Verhoogde waterstand (>3195cm),3195,,3,2
nederweerteind.noordervaart,Waterhoogte in Oppervlaktewater t.o.v. Normaal Amsterdams Peil in cm,Gehele jaar,101,1231,Licht verhoogd (>3180cm),3180,3195,4,3
nederweerteind.noordervaart,Waterhoogte in Oppervlaktewater t.o.v. Normaal Amsterdams Peil in cm,Gehele jaar,101,1231,Verlaagde waterstand (<3143cm),,3143,6,4
nederweerteind.noordervaart,Waterhoogte in Oppervlaktewater t.o.v. Normaal Amsterdams Peil in cm,Gehele jaar,101,1231,Normaal (3143-3180cm),3143,3180,5,5
nederweerteind.noordervaart,Waterhoogte in Oppervlaktewater t.o.v. Normaal Amsterdams Peil in cm,Gehele jaar,101,1231,Streefpeil (3165cm),3165,3165,0,10
neer,Waterhoogte in Oppervlaktewater t.o.v. Normaal Amsterdams Peil in cm,Gehele jaar,101,1231,Extreem hoogwater (> 1970cm),1970,,1,0
neer,Waterhoogte in Oppervlaktewater t.o.v. Normaal Amsterdams Peil in cm,Gehele jaar,101,1231,Hoogwater (> 1835cm),1835,1970,2,1
neer,Waterhoogte in Oppervlaktewater t.o.v. Normaal Amsterdams Peil in cm,Gehele jaar,101,1231,Verhoogde waterstand (> 1605cm),1605,1835,3,2
neer,Waterhoogte in Oppervlaktewater t.o.v. Normaal Amsterdams Peil in cm,Gehele jaar,101,1231,Licht verhoogd (>1510cm),1510,1605,4,3
neer,Waterhoogte in Oppervlaktewater t.o.v. Normaal Amsterdams Peil in cm,Gehele jaar,101,1231,Verlaagde waterstand(< 1405cm),,1405,6,4
neer,Waterhoogte in Oppervlaktewater t.o.v. Normaal Amsterdams Peil in cm,Gehele jaar,101,1231,Normaal (1405 tot 1510cm),1405,1510,5,5
negenoord.oost,Waterhoogte in Oppervlaktewater t.o.v. Normaal Amsterdams Peil in cm,Gehele jaar,101,1231,Extreem hoogwater (>3245cm),3245,,1,0
negenoord.oost,Waterhoogte in Oppervlaktewater t.o.v. Normaal Amsterdams Peil in cm,Gehele jaar,101,1231,Hoogwater (>3175cm),3175,3245,2,1
negenoord.oost,Waterhoogte in Oppervlaktewater t.o.v. Normaal Amsterdams Peil in cm,Gehele jaar,101,1231,Verhoogd (>3010cm),3010,3175,3,2
negenoord.oost,Waterhoogte in Oppervlaktewater t.o.v. Normaal Amsterdams Peil in cm,Gehele jaar,101,1231,Licht verhoogd (>2885cm),2885,3010,4,3
negenoord.oost,Waterhoogte in Oppervlaktewater t.o.v. Normaal Amsterdams Peil in cm,Gehele jaar,101,1231,Verlaagd (<2500cm),,2500,6,4
negenoord.oost,Waterhoogte in Oppervlaktewater t.o.v. Normaal Amsterdams Peil in cm,Gehele jaar,101,1231,Normaal (2500 tot 2885cm),2500,2885,5,5
nieuwegein.lekkanaal,Waterhoogte in Oppervlaktewater t.o.v. Normaal Amsterdams Peil in cm,Gehele jaar,101,1231,Extreem hoogwater (> 5cm),5,,1,0
nieuwegein.lekkanaal,Waterhoogte in Oppervlaktewater t.o.v. Normaal Amsterdams Peil in cm,Gehele jaar,101,1231,Hoogwater  (> -10cm),-10,5,2,1
nieuwegein.lekkanaal,Waterhoogte in Oppervlaktewater t.o.v. Normaal Amsterdams Peil in cm,Gehele jaar,101,1231,Verhoogde waterstand (> -20cm),-20,-10,3,2
nieuwegein.lekkanaal,Waterhoogte in Oppervlaktewater t.o.v. Normaal Amsterdams Peil in cm,Gehele jaar,101,1231,Licht verhoogd (>-30cm),-29,-20,4,3
nieuwegein.lekkanaal,Waterhoogte in Oppervlaktewater t.o.v. Normaal Amsterdams Peil in cm,Gehele jaar,101,1231,Laagwater (< -55cm),,-55,6,4
nieuwegein.lekkanaal,Waterhoogte in Oppervlaktewater t.o.v. Normaal Amsterdams Peil in cm,Gehele jaar,101,1231,Normaal (-55 tot -30cm),-55,-29,5,5
nieuwegein.lekkanaal,Waterhoogte in Oppervlaktewater t.o.v. Normaal Amsterdams Peil in cm,Gehele jaar,101,1231,Streefpeil (-40cm),-40,-40,0,10
nieuwestatenzijl.dollard,Waterhoogte in Oppervlaktewater t.o.v. Normaal Amsterdams Peil in cm,Gehele jaar,101,1231,Extreem hoogwater (> 540cm),540,,1,0
nieuwestatenzijl.dollard,Waterhoogte in Oppervlaktewater t.o.v. Normaal Amsterdams Peil in cm,Gehele jaar,101,1231,Stormvloed (> 440cm),440,540,2,1
nieuwestatenzijl.dollard,Waterhoogte in Oppervlaktewater t.o.v. Normaal Amsterdams Peil in cm,Gehele jaar,101,1231,Verhoogde waterstand (> 345cm),345,440,3,2
nieuwestatenzijl.dollard,Waterhoogte in Oppervlaktewater t.o.v. Normaal Amsterdams Peil in cm,Gehele jaar,101,1231,Licht verhoogd (>300cm),300,345,4,3
nieuwestatenzijl.dollard,Waterhoogte in Oppervlaktewater t.o.v. Normaal Amsterdams Peil in cm,Gehele jaar,101,1231,Laagwater (< -260cm),,-260,6,4
nieuwestatenzijl.dollard,Waterhoogte in Oppervlaktewater t.o.v. Normaal Amsterdams Peil in cm,Gehele jaar,101,1231,Normaal (-260 tot 300cm),-260,300,5,5
nieuwvossemeer,Waterhoogte in Oppervlaktewater t.o.v. Normaal Amsterdams Peil in cm,Gehele jaar,101,1231,Extreem hoogwater (>180cm),180,,1,0
nieuwvossemeer,Waterhoogte in Oppervlaktewater t.o.v. Normaal Amsterdams Peil in cm,Gehele jaar,101,1231,Hoogwater (>50cm),50,180,2,1
nieuwvossemeer,Waterhoogte in Oppervlaktewater t.o.v. Normaal Amsterdams Peil in cm,Gehele jaar,101,1231,Verhoogde waterstand (>30cm),30,50,3,2
nieuwvossemeer,Waterhoogte in Oppervlaktewater t.o.v. Normaal Amsterdams Peil in cm,Gehele jaar,101,1231,Licht verhoogd (>15cm),16,30,4,3
nieuwvossemeer,Waterhoogte in Oppervlaktewater t.o.v. Normaal Amsterdams Peil in cm,Gehele jaar,101,1231,Verlaagde waterstand (<-10cm),,-11,6,4
nieuwvossemeer,Waterhoogte in Oppervlaktewater t.o.v. Normaal Amsterdams Peil in cm,Gehele jaar,101,1231,Normaal (-10 tot 15cm),-11,16,5,5
nijkerk.nijkerkernauw,Waterhoogte in Oppervlaktewater t.o.v. Normaal Amsterdams Peil in cm,Gehele jaar,101,1231,Extreem hoogwater (>180cm),180,,1,0
nijkerk.nijkerkernauw,Waterhoogte in Oppervlaktewater t.o.v. Normaal Amsterdams Peil in cm,Gehele jaar,101,1231,Hoogwater (>130cm),130,180,2,1
nijkerk.nijkerkernauw,Waterhoogte in Oppervlaktewater t.o.v. Normaal Amsterdams Peil in cm,Gehele jaar,101,1231,Verhoogde waterstand (>70cm),70,130,3,2
nijkerk.nijkerkernauw,Waterhoogte in Oppervlaktewater t.o.v. Normaal Amsterdams Peil in cm,Gehele jaar,101,1231,Licht verhoogd (>20cm),20,70,4,3
nijkerk.nijkerkernauw,Waterhoogte in Oppervlaktewater t.o.v. Normaal Amsterdams Peil in cm,Gehele jaar,101,1231,Verlaagde waterstand (<55cm),,-55,6,4
nijkerk.nijkerkernauw,Waterhoogte in Oppervlaktewater t.o.v. Normaal Amsterdams Peil in cm,Gehele jaar,101,1231,Normale waterstand (-55 tot 20cm),-55,20,5,5
nijkerk.nuldernauw,Waterhoogte in Oppervlaktewater t.o.v. Normaal Amsterdams Peil in cm,Gehele jaar,101,1231,Verhoogde waterstand (>10cm),10,,3,2
nijkerk.nuldernauw,Waterhoogte in Oppervlaktewater t.o.v. Normaal Amsterdams Peil in cm,Gehele jaar,101,1231,Licht verhoogd (>0cm),0,10,4,3
nijkerk.nuldernauw,Waterhoogte in Oppervlaktewater t.o.v. Normaal Amsterdams Peil in cm,IJsselmeerWinter,1001,331,Verlaagde waterstand (<-40cm),,-41,6,4
nijkerk.nuldernauw,Waterhoogte in Oppervlaktewater t.o.v. Normaal Amsterdams Peil in cm,IJsselmeerWinter,1001,331,Normaal (-40 tot 0cm),-41,0,5,5
nijkerk.nuldernauw,Waterhoogte in Oppervlaktewater t.o.v. Normaal Amsterdams Peil in cm,IJsselmeerZomer,401,930,Verlaagde waterstand (<-15cm),,-16,6,4
nijkerk.nuldernauw,Waterhoogte in Oppervlaktewater t.o.v. Normaal Amsterdams Peil in cm,IJsselmeerZomer,401,930,Normaal (-15 tot 0cm),-16,0,5,5
nijmegen.waal,Waterhoogte in Oppervlaktewater t.o.v. Normaal Amsterdams Peil in cm,Gehele jaar,101,1231,Extreem hoogwater (> 1340cm),1340,,1,0
nijmegen.waal,Waterhoogte in Oppervlaktewater t.o.v. Normaal Amsterdams Peil in cm,Gehele jaar,101,1231,Hoogwater (> 1220cm),1220,1340,2,1
nijmegen.waal,Waterhoogte in Oppervlaktewater t.o.v. Normaal Amsterdams Peil in cm,Gehele jaar,101,1231,Verhoogde waterstand (> 1055cm),1055,1220,3,2
nijmegen.waal,Waterhoogte in Oppervlaktewater t.o.v. Normaal Amsterdams Peil in cm,Gehele jaar,101,1231,Licht verhoogd (>965cm),965,1055,4,3
nijmegen.waal,Waterhoogte in Oppervlaktewater t.o.v. Normaal Amsterdams Peil in cm,Gehele jaar,101,1231,Laagwater (< 535cm),,535,6,4
nijmegen.waal,Waterhoogte in Oppervlaktewater t.o.v. Normaal Amsterdams Peil in cm,Gehele jaar,101,1231,Normaal (> 535cm),535,965,5,5
olst,Debiet in Oppervlaktewater in m3/s,Droogteseizoen_overig,817,331,Verlaagde afvoer (<165 m3/s),,165,6,4
olst,Debiet in Oppervlaktewater in m3/s,Droogteseizoen_overig,817,331,Normale afvoer (165 tot 640 m3/s),165,640,5,5
olst,Debiet in Oppervlaktewater in m3/s,Droogteseizoen_zomer,401,816,Verlaagde afvoer (<230 m3/s),,230,6,4
olst,Debiet in Oppervlaktewater in m3/s,Droogteseizoen_zomer,401,816,Normale afvoer (230 tot 640 m3/s),230,640,5,5
olst,Debiet in Oppervlaktewater in m3/s,Gehele jaar,101,1231,Hoge afvoer (>1150 m3/s),1150,1800,2,1
olst,Debiet in Oppervlaktewater in m3/s,Gehele jaar,101,1231,Verhoogde afvoer (>740 m3/s),740,1150,3,2
olst,Debiet in Oppervlaktewater in m3/s,Gehele jaar,101,1231,Licht verhoogd (>640 m3/s),640,740,4,3
olst,Waterhoogte in Oppervlaktewater t.o.v. Normaal Amsterdams Peil in cm,Gehele jaar,101,1231,Extreem hoogwater (> 585cm),585,,1,0
olst,Waterhoogte in Oppervlaktewater t.o.v. Normaal Amsterdams Peil in cm,Gehele jaar,101,1231,Hoogwater (> 520cm),520,585,2,1
olst,Waterhoogte in Oppervlaktewater t.o.v. Normaal Amsterdams Peil in cm,Gehele jaar,101,1231,Verhoogde waterstand (> 420cm),420,520,3,2
olst,Waterhoogte in Oppervlaktewater t.o.v. Normaal Amsterdams Peil in cm,Gehele jaar,101,1231,Licht verhoogd (>370cm),370,420,4,3
olst,Waterhoogte in Oppervlaktewater t.o.v. Normaal Amsterdams Peil in cm,Gehele jaar,101,1231,Verlaagde waterstand (< 65cm),,65,6,4
olst,Waterhoogte in Oppervlaktewater t.o.v. Normaal Amsterdams Peil in cm,Gehele jaar,101,1231,Normaal (65 tot 370cm cm),65,370,5,5
ommen.ommerkanaal,Waterhoogte in Oppervlaktewater t.o.v. Normaal Amsterdams Peil in cm,Gehele jaar,101,1231,Verhoogde waterstand (>400cm),400,,3,2
ommen.ommerkanaal,Waterhoogte in Oppervlaktewater t.o.v. Normaal Amsterdams Peil in cm,Gehele jaar,101,1231,Licht verhoogd (>350cm),350,400,4,3
ommen.ommerkanaal,Waterhoogte in Oppervlaktewater t.o.v. Normaal Amsterdams Peil in cm,Gehele jaar,101,1231,Verlaagde waterstand (<220cm),,220,6,4
ommen.ommerkanaal,Waterhoogte in Oppervlaktewater t.o.v. Normaal Amsterdams Peil in cm,Gehele jaar,101,1231,Normaal (220 tot 350cm),220,350,5,5
ommen.vecht,Debiet in Oppervlaktewater in m3/s,Gehele jaar,101,1231,Verhoogde afvoer (>160m3/s),160,,3,2
ommen.vecht,Debiet in Oppervlaktewater in m3/s,Gehele jaar,101,1231,Licht verhoogd (>100m3/s),100,160,4,3
ommen.vecht,Debiet in Oppervlaktewater in m3/s,Gehele jaar,101,1231,Verlaagde afvoer (<2m3/s),,2,6,4
ommen.vecht,Debiet in Oppervlaktewater in m3/s,Gehele jaar,101,1231,Normaal (2 tot 100m3/s),2,100,5,5
ommen.vecht,Waterhoogte in Oppervlaktewater t.o.v. Normaal Amsterdams Peil in cm,Gehele jaar,101,1231,Verhoogde waterstand (>380cm),380,,3,2
ommen.vecht,Waterhoogte in Oppervlaktewater t.o.v. Normaal Amsterdams Peil in cm,Gehele jaar,101,1231,Licht verhoogd (>340cm),340,380,4,3
ommen.vecht,Waterhoogte in Oppervlaktewater t.o.v. Normaal Amsterdams Peil in cm,Gehele jaar,101,1231,Verlaagde waterstand (<220cm),,220,6,4
ommen.vecht,Waterhoogte in Oppervlaktewater t.o.v. Normaal Amsterdams Peil in cm,Gehele jaar,101,1231,Normaal (220 tot 340cm),220,340,5,5
oosterhout.marksluis.beneden,Waterhoogte in Oppervlaktewater t.o.v. Normaal Amsterdams Peil in cm,Gehele jaar,101,1231,Licht verhoogd (>90cm),90,,4,3
oosterhout.marksluis.beneden,Waterhoogte in Oppervlaktewater t.o.v. Normaal Amsterdams Peil in cm,Gehele jaar,101,1231,Verlaagd (<-30cm),,-30,6,4
oosterhout.marksluis.beneden,Waterhoogte in Oppervlaktewater t.o.v. Normaal Amsterdams Peil in cm,Gehele jaar,101,1231,Normaal (-30 tot 90cm),-30,90,5,5
oosterhout.marksluis.boven,Waterhoogte in Oppervlaktewater t.o.v. Normaal Amsterdams Peil in cm,Gehele jaar,101,1231,Verhoogd (>180cm),180,,3,2
oosterhout.marksluis.boven,Waterhoogte in Oppervlaktewater t.o.v. Normaal Amsterdams Peil in cm,Gehele jaar,101,1231,Verlaagd (<0cm),,0,6,4
oosterhout.marksluis.boven,Waterhoogte in Oppervlaktewater t.o.v. Normaal Amsterdams Peil in cm,Gehele jaar,101,1231,Normale waterstand (0 tot 180cm),0,180,5,5
oosterhout.sluis1.boven,Waterhoogte in Oppervlaktewater t.o.v. Normaal Amsterdams Peil in cm,Gehele jaar,101,1231,Verhoogde waterstand (*>560cm),560,,3,2
oosterhout.sluis1.boven,Waterhoogte in Oppervlaktewater t.o.v. Normaal Amsterdams Peil in cm,Gehele jaar,101,1231,Licht verhoogd (>540cm),540,560,4,3
oosterhout.sluis1.boven,Waterhoogte in Oppervlaktewater t.o.v. Normaal Amsterdams Peil in cm,Gehele jaar,101,1231,Verlaagde waterstand (<495cm),,495,6,4
oosterhout.sluis1.boven,Waterhoogte in Oppervlaktewater t.o.v. Normaal Amsterdams Peil in cm,Gehele jaar,101,1231,Normale waterstand (495 tot 540cm),495,540,5,5
oosterhout.sluis1.boven,Waterhoogte in Oppervlaktewater t.o.v. Normaal Amsterdams Peil in cm,Gehele jaar,101,1231,Streefpeil (515cm),515,515,0,10
oosterhout.sluis1.spuikanaal,Waterhoogte in Oppervlaktewater t.o.v. Normaal Amsterdams Peil in cm,Gehele jaar,101,1231,Verhoogde waterstand (>560cm),560,,3,2
oosterhout.sluis1.spuikanaal,Waterhoogte in Oppervlaktewater t.o.v. Normaal Amsterdams Peil in cm,Gehele jaar,101,1231,Licht verhoogd (>540cm),540,560,4,3
oosterhout.sluis1.spuikanaal,Waterhoogte in Oppervlaktewater t.o.v. Normaal Amsterdams Peil in cm,Gehele jaar,101,1231,Verlaagde waterstand (<495cm),,495,6,4
oosterhout.sluis1.spuikanaal,Waterhoogte in Oppervlaktewater t.o.v. Normaal Amsterdams Peil in cm,Gehele jaar,101,1231,Normale waterstand (495 tot 540cm),495,540,5,5
oosterhout.sluis1.spuikanaal,Waterhoogte in Oppervlaktewater t.o.v. Normaal Amsterdams Peil in cm,Gehele jaar,101,1231,Streefpeil (515cm),515,515,0,10
oosterschelde.11,Waterhoogte in Oppervlaktewater t.o.v. Normaal Amsterdams Peil in cm,Gehele jaar,101,1231,Verhoogd (>270cm),270,,3,2
oosterschelde.11,Waterhoogte in Oppervlaktewater t.o.v. Normaal Amsterdams Peil in cm,Gehele jaar,101,1231,Verlaagd (<-171cm),,-171,6,4
oosterschelde.11,Waterhoogte in Oppervlaktewater t.o.v. Normaal Amsterdams Peil in cm,Gehele jaar,101,1231,Normaal (-171 tot 270cm),-171,270,5,5
oosterschelde.14,Waterhoogte in Oppervlaktewater t.o.v. Normaal Amsterdams Peil in cm,Gehele jaar,101,1231,Verhoogd (>270cm),270,,3,2
oosterschelde.14,Waterhoogte in Oppervlaktewater t.o.v. Normaal Amsterdams Peil in cm,Gehele jaar,101,1231,Licht verhoogd (>240cm),240,270,4,3
oosterschelde.14,Waterhoogte in Oppervlaktewater t.o.v. Normaal Amsterdams Peil in cm,Gehele jaar,101,1231,Verlaagd (<-159cm),,-159,6,4
oosterschelde.14,Waterhoogte in Oppervlaktewater t.o.v. Normaal Amsterdams Peil in cm,Gehele jaar,101,1231,Normaal (-159 tot 240cm),-159,240,5,5
oosterschelde.4,Waterhoogte in Oppervlaktewater t.o.v. Normaal Amsterdams Peil in cm,Gehele jaar,101,1231,Verhoogd (>270cm),270,,3,2
oosterschelde.4,Waterhoogte in Oppervlaktewater t.o.v. Normaal Amsterdams Peil in cm,Gehele jaar,101,1231,Licht verhoogd (>250cm),250,270,4,3
oosterschelde.4,Waterhoogte in Oppervlaktewater t.o.v. Normaal Amsterdams Peil in cm,Gehele jaar,101,1231,Verlaagd (<-180cm),,-180,6,4
oosterschelde.4,Waterhoogte in Oppervlaktewater t.o.v. Normaal Amsterdams Peil in cm,Gehele jaar,101,1231,Normaal (-180 tot 270cm),-180,270,5,5
oosterschelde.roompotsluis.buiten,Waterhoogte in Oppervlaktewater t.o.v. Normaal Amsterdams Peil in cm,Gehele jaar,101,1231,Extreem hoogwater (> 400cm),400,,1,0
oosterschelde.roompotsluis.buiten,Waterhoogte in Oppervlaktewater t.o.v. Normaal Amsterdams Peil in cm,Gehele jaar,101,1231,Stormvloed (> 300cm),300,400,2,1
oosterschelde.roompotsluis.buiten,Waterhoogte in Oppervlaktewater t.o.v. Normaal Amsterdams Peil in cm,Gehele jaar,101,1231,Verhoogde waterstand (> 270cm),270,300,3,2
oosterschelde.roompotsluis.buiten,Waterhoogte in Oppervlaktewater t.o.v. Normaal Amsterdams Peil in cm,Gehele jaar,101,1231,Licht verhoogd (>250cm),250,270,4,3
oosterschelde.roompotsluis.buiten,Waterhoogte in Oppervlaktewater t.o.v. Normaal Amsterdams Peil in cm,Gehele jaar,101,1231,Laagwater (< -181cm),,-181,6,4
oosterschelde.roompotsluis.buiten,Waterhoogte in Oppervlaktewater t.o.v. Normaal Amsterdams Peil in cm,Gehele jaar,101,1231,Normaal (-181 tot 250cm),-181,250,5,5
ossenisse,Waterhoogte in Oppervlaktewater t.o.v. Normaal Amsterdams Peil in cm,Gehele jaar,101,1231,Verhoogd (>360cm),360,,3,2
ossenisse,Waterhoogte in Oppervlaktewater t.o.v. Normaal Amsterdams Peil in cm,Gehele jaar,101,1231,Licht verhoogd (>340cm),340,360,4,3
ossenisse,Waterhoogte in Oppervlaktewater t.o.v. Normaal Amsterdams Peil in cm,Gehele jaar,101,1231,Verlaagd (<-279cm),,-279,6,4
ossenisse,Waterhoogte in Oppervlaktewater t.o.v. Normaal Amsterdams Peil in cm,Gehele jaar,101,1231,Normaal (-279 tot 340cm),-279,340,5,5
panheel.sluis.boven,Waterhoogte in Oppervlaktewater t.o.v. Normaal Amsterdams Peil in cm,Gehele jaar,101,1231,Verhoogde waterstand (>2900cm),2900,,3,2
panheel.sluis.boven,Waterhoogte in Oppervlaktewater t.o.v. Normaal Amsterdams Peil in cm,Gehele jaar,101,1231,Licht verhoogd (>2874cm),2880,2900,4,3
panheel.sluis.boven,Waterhoogte in Oppervlaktewater t.o.v. Normaal Amsterdams Peil in cm,Gehele jaar,101,1231,Verlaagde waterstand (<2850cm),,2850,6,4
panheel.sluis.boven,Waterhoogte in Oppervlaktewater t.o.v. Normaal Amsterdams Peil in cm,Gehele jaar,101,1231,Normaal (2850 tot 2874cm),2850,2880,5,5
panheel.sluis.boven,Waterhoogte in Oppervlaktewater t.o.v. Normaal Amsterdams Peil in cm,Gehele jaar,101,1231,Streefpeil (2865cm),2865,2865,0,10
pannerden.pannerdenschkanaal,Debiet in Oppervlaktewater in m3/s,Gehele jaar,101,1231,Extreem (>4300m3/s),4300,,1,0
pannerden.pannerdenschkanaal,Debiet in Oppervlaktewater in m3/s,Gehele jaar,101,1231,Hoge afvoer (>2800m3/s),2800,4300,2,1
pannerden.pannerdenschkanaal,Debiet in Oppervlaktewater in m3/s,Gehele jaar,101,1231,Verhoogde afvoer (>1800m3/s),1800,2800,3,2
pannerden.pannerdenschkanaal,Debiet in Oppervlaktewater in m3/s,Gehele jaar,101,1231,Licht verhoogd (>1420m3/s),1420,1800,4,3
pannerden.pannerdenschkanaal,Debiet in Oppervlaktewater in m3/s,Gehele jaar,101,1231,Verlaagde afvoer (<200m3/s),,200,6,4
pannerden.pannerdenschkanaal,Debiet in Oppervlaktewater in m3/s,Gehele jaar,101,1231,Normaal (200 tot 1420m3/s),200,1420,5,5
ramspolbrug.ramsdiep,Waterhoogte in Oppervlaktewater t.o.v. Normaal Amsterdams Peil in cm,Gehele jaar,101,1231,Extreem hoogwater (> 110cm),110,,1,0
ramspolbrug.ramsdiep,Waterhoogte in Oppervlaktewater t.o.v. Normaal Amsterdams Peil in cm,Gehele jaar,101,1231,Hoogwater (> 70cm),70,110,2,1
ramspolbrug.ramsdiep,Waterhoogte in Oppervlaktewater t.o.v. Normaal Amsterdams Peil in cm,Gehele jaar,101,1231,Verhoogde waterstand (>40cm),40,70,3,2
ramspolbrug.ramsdiep,Waterhoogte in Oppervlaktewater t.o.v. Normaal Amsterdams Peil in cm,Gehele jaar,101,1231,Licht verhoogd (>20cm),20,40,4,3
ramspolbrug.ramsdiep,Waterhoogte in Oppervlaktewater t.o.v. Normaal Amsterdams Peil in cm,Gehele jaar,101,1231,Verlaagde waterstand (< -55cm),,-55,6,4
ramspolbrug.ramsdiep,Waterhoogte in Oppervlaktewater t.o.v. Normaal Amsterdams Peil in cm,Gehele jaar,101,1231,Normale waterstand (-55 tot 20cm),-55,20,5,5
rilland.antwerpskanaalpand,Waterhoogte in Oppervlaktewater t.o.v. Normaal Amsterdams Peil in cm,Gehele jaar,101,1231,Verhoogde waterstand (>220cm),220,,3,2
rilland.antwerpskanaalpand,Waterhoogte in Oppervlaktewater t.o.v. Normaal Amsterdams Peil in cm,Gehele jaar,101,1231,Licht verhoogd (>200cm),200,220,4,3
rilland.antwerpskanaalpand,Waterhoogte in Oppervlaktewater t.o.v. Normaal Amsterdams Peil in cm,Gehele jaar,101,1231,Verlaagde waterstand (<160cm),,160,6,4
rilland.antwerpskanaalpand,Waterhoogte in Oppervlaktewater t.o.v. Normaal Amsterdams Peil in cm,Gehele jaar,101,1231,Normale waterstand (160-200cm),160,200,5,5
rilland.antwerpskanaalpand,Waterhoogte in Oppervlaktewater t.o.v. Normaal Amsterdams Peil in cm,Gehele jaar,101,1231,Streefpeil (185-195cm),190,190,0,10
rilland.bath,Waterhoogte in Oppervlaktewater t.o.v. Normaal Amsterdams Peil in cm,Gehele jaar,101,1231,Extreem hoogwater (> 535cm),535,,1,0
rilland.bath,Waterhoogte in Oppervlaktewater t.o.v. Normaal Amsterdams Peil in cm,Gehele jaar,101,1231,Stormvloed (> 470cm),470,535,2,1
rilland.bath,Waterhoogte in Oppervlaktewater t.o.v. Normaal Amsterdams Peil in cm,Gehele jaar,101,1231,Verhoogde waterstand (> 405cm),405,470,3,2
rilland.bath,Waterhoogte in Oppervlaktewater t.o.v. Normaal Amsterdams Peil in cm,Gehele jaar,101,1231,Licht verhoogd (>390cm),390,405,4,3
rilland.bath,Waterhoogte in Oppervlaktewater t.o.v. Normaal Amsterdams Peil in cm,Gehele jaar,101,1231,Laagwater (< -295cm),,-295,6,4
rilland.bath,Waterhoogte in Oppervlaktewater t.o.v. Normaal Amsterdams Peil in cm,Gehele jaar,101,1231,Normaal (-295 tot 390cm),-295,390,5,5
rilland.bathsebrug,Waterhoogte in Oppervlaktewater t.o.v. Normaal Amsterdams Peil in cm,Gehele jaar,101,1231,Extreem hoogwater (>180cm),180,,1,0
rilland.bathsebrug,Waterhoogte in Oppervlaktewater t.o.v. Normaal Amsterdams Peil in cm,Gehele jaar,101,1231,Hoogwater (>65cm),65,180,2,1
rilland.bathsebrug,Waterhoogte in Oppervlaktewater t.o.v. Normaal Amsterdams Peil in cm,Gehele jaar,101,1231,Verhoogde waterstand (>40cm),40,65,3,2
rilland.bathsebrug,Waterhoogte in Oppervlaktewater t.o.v. Normaal Amsterdams Peil in cm,Gehele jaar,101,1231,Licht verhoogd (>25cm),25,40,4,3
rilland.bathsebrug,Waterhoogte in Oppervlaktewater t.o.v. Normaal Amsterdams Peil in cm,Gehele jaar,101,1231,Verlaagde waterstand (<-20cm),,-20,6,4
rilland.bathsebrug,Waterhoogte in Oppervlaktewater t.o.v. Normaal Amsterdams Peil in cm,Gehele jaar,101,1231,Normale waterstand (-20 tot 25cm),-20,25,5,5
rilland.bathsespuikanaal.inloop,Waterhoogte in Oppervlaktewater t.o.v. Normaal Amsterdams Peil in cm,Gehele jaar,101,1231,Extreem hoogwater (>180cm),180,,1,0
rilland.bathsespuikanaal.inloop,Waterhoogte in Oppervlaktewater t.o.v. Normaal Amsterdams Peil in cm,Gehele jaar,101,1231,Hoogwater (>60cm),60,180,2,1
rilland.bathsespuikanaal.inloop,Waterhoogte in Oppervlaktewater t.o.v. Normaal Amsterdams Peil in cm,Gehele jaar,101,1231,Verhoogd (>35cm),35,60,3,2
rilland.bathsespuikanaal.inloop,Waterhoogte in Oppervlaktewater t.o.v. Normaal Amsterdams Peil in cm,Gehele jaar,101,1231,Licht verhoogd (>20cm),21,35,4,3
rilland.bathsespuikanaal.inloop,Waterhoogte in Oppervlaktewater t.o.v. Normaal Amsterdams Peil in cm,Gehele jaar,101,1231,Verlaagd (<-10cm),,-11,6,4
rilland.bathsespuikanaal.inloop,Waterhoogte in Oppervlaktewater t.o.v. Normaal Amsterdams Peil in cm,Gehele jaar,101,1231,Normaal (-10 tot 20cm),-11,21,5,5
rilland.bathsespuisluis,Debiet in Oppervlaktewater in m3/s,Gehele jaar,101,1231,Verhoogd (>250m3/s),250,,3,2
rilland.bathsespuisluis,Debiet in Oppervlaktewater in m3/s,Gehele jaar,101,1231,Licht verhoogd (>150m3/s),150,250,4,3
rilland.bathsespuisluis,Debiet in Oppervlaktewater in m3/s,Gehele jaar,101,1231,Verlaagd (<0m3/s),,-1,6,4
rilland.bathsespuisluis,Debiet in Oppervlaktewater in m3/s,Gehele jaar,101,1231,Normaal (<150m3/s),-1,150,5,5
rilland.bathsespuisluis.binnen,Waterhoogte in Oppervlaktewater t.o.v. Normaal Amsterdams Peil in cm,Gehele jaar,101,1231,Extreem hoogwater (>180cm),180,,1,0
rilland.bathsespuisluis.binnen,Waterhoogte in Oppervlaktewater t.o.v. Normaal Amsterdams Peil in cm,Gehele jaar,101,1231,Hoogwater (>80cm),80,180,3,2
rilland.bathsespuisluis.binnen,Waterhoogte in Oppervlaktewater t.o.v. Normaal Amsterdams Peil in cm,Gehele jaar,101,1231,Licht verhoogd (>40cm),40,60,4,3
rilland.bathsespuisluis.binnen,Waterhoogte in Oppervlaktewater t.o.v. Normaal Amsterdams Peil in cm,Gehele jaar,101,1231,Verlaagd (<-20cm),,-20,6,4
rilland.bathsespuisluis.binnen,Waterhoogte in Oppervlaktewater t.o.v. Normaal Amsterdams Peil in cm,Gehele jaar,101,1231,Normaal (-20 tot 40cm),-20,40,5,5
rilland.bathsespuisluis.buiten,Waterhoogte in Oppervlaktewater t.o.v. Normaal Amsterdams Peil in cm,Gehele jaar,101,1231,Verhoogd (>400cm),400,,3,2
rilland.bathsespuisluis.buiten,Waterhoogte in Oppervlaktewater t.o.v. Normaal Amsterdams Peil in cm,Gehele jaar,101,1231,Licht verhoogd (>380cm),380,400,4,3
rilland.bathsespuisluis.buiten,Waterhoogte in Oppervlaktewater t.o.v. Normaal Amsterdams Peil in cm,Gehele jaar,101,1231,Verlaagd (<-295cm),,-295,6,4
rilland.bathsespuisluis.buiten,Waterhoogte in Oppervlaktewater t.o.v. Normaal Amsterdams Peil in cm,Gehele jaar,101,1231,Normaal (-295 tot 380cm),-295,380,5,5
roermond.boven,Waterhoogte in Oppervlaktewater t.o.v. Normaal Amsterdams Peil in cm,Gehele jaar,101,1231,Extreem hoogwater (> 2020cm),2020,,1,0
roermond.boven,Waterhoogte in Oppervlaktewater t.o.v. Normaal Amsterdams Peil in cm,Gehele jaar,101,1231,Hoogwater (> 1900cm),1900,2020,2,1
roermond.boven,Waterhoogte in Oppervlaktewater t.o.v. Normaal Amsterdams Peil in cm,Gehele jaar,101,1231,Verhoogde waterstand (> 1730cm),1730,1900,3,2
roermond.boven,Waterhoogte in Oppervlaktewater t.o.v. Normaal Amsterdams Peil in cm,Gehele jaar,101,1231,Licht verhoogd (>1700cm),1700,1730,4,3
roermond.boven,Waterhoogte in Oppervlaktewater t.o.v. Normaal Amsterdams Peil in cm,Gehele jaar,101,1231,Laagwater (< 1670cm),,1670,6,4
roermond.boven,Waterhoogte in Oppervlaktewater t.o.v. Normaal Amsterdams Peil in cm,Gehele jaar,101,1231,Normaal (> 1670cm),1670,1700,5,5
rotem,Waterhoogte in Oppervlaktewater t.o.v. Normaal Amsterdams Peil in cm,Gehele jaar,101,1231,Extreem hoogwater (>3210cm),3210,,1,0
rotem,Waterhoogte in Oppervlaktewater t.o.v. Normaal Amsterdams Peil in cm,Gehele jaar,101,1231,Hoogwater (>3140cm),3140,3210,2,1
rotem,Waterhoogte in Oppervlaktewater t.o.v. Normaal Amsterdams Peil in cm,Gehele jaar,101,1231,Verhoogd (>2960cm),2960,3140,3,2
rotem,Waterhoogte in Oppervlaktewater t.o.v. Normaal Amsterdams Peil in cm,Gehele jaar,101,1231,Licht verhoogd (>2820cm),2820,2960,4,3
rotem,Waterhoogte in Oppervlaktewater t.o.v. Normaal Amsterdams Peil in cm,Gehele jaar,101,1231,Verlaagd (<2440cm),,2440,6,4
rotem,Waterhoogte in Oppervlaktewater t.o.v. Normaal Amsterdams Peil in cm,Gehele jaar,101,1231,Normaal (2440 tot 2820cm),2440,2820,5,5
rotterdam.nieuwemaas.boerengat,Waterhoogte in Oppervlaktewater t.o.v. Normaal Amsterdams Peil in cm,Gehele jaar,101,1231,Extreem hoogwater (> 325cm),325,,1,0
rotterdam.nieuwemaas.boerengat,Waterhoogte in Oppervlaktewater t.o.v. Normaal Amsterdams Peil in cm,Gehele jaar,101,1231,Hoogwater / Stormvloed (> 290cm),290,325,2,1
rotterdam.nieuwemaas.boerengat,Waterhoogte in Oppervlaktewater t.o.v. Normaal Amsterdams Peil in cm,Gehele jaar,101,1231,Verhoogde waterstand (> 220cm),220,290,3,2
rotterdam.nieuwemaas.boerengat,Waterhoogte in Oppervlaktewater t.o.v. Normaal Amsterdams Peil in cm,Gehele jaar,101,1231,Licht verhoogd (>200cm),200,220,4,3
rotterdam.nieuwemaas.boerengat,Waterhoogte in Oppervlaktewater t.o.v. Normaal Amsterdams Peil in cm,Gehele jaar,101,1231,Laagwater (< -67cm),,-67,6,4
rotterdam.nieuwemaas.boerengat,Waterhoogte in Oppervlaktewater t.o.v. Normaal Amsterdams Peil in cm,Gehele jaar,101,1231,Normaal (-67 tot 200cm),-67,200,5,5
rotterdamsehoek.ijsselmeer,Waterhoogte in Oppervlaktewater t.o.v. Normaal Amsterdams Peil in cm,Gehele jaar,101,1231,Extreem hoog water (>100cm),100,,1,0
rotterdamsehoek.ijsselmeer,Waterhoogte in Oppervlaktewater t.o.v. Normaal Amsterdams Peil in cm,Gehele jaar,101,1231,Hoog water (>30cm),30,100,2,1
rotterdamsehoek.ijsselmeer,Waterhoogte in Oppervlaktewater t.o.v. Normaal Amsterdams Peil in cm,Gehele jaar,101,1231,Verhoogd (>10cm),10,30,3,2
rotterdamsehoek.ijsselmeer,Waterhoogte in Oppervlaktewater t.o.v. Normaal Amsterdams Peil in cm,Gehele jaar,101,1231,Licht verhoogd (>-10cm),-10,10,4,3
rotterdamsehoek.ijsselmeer,Waterhoogte in Oppervlaktewater t.o.v. Normaal Amsterdams Peil in cm,IJsselmeerWinter,1001,331,Verlaagd (<-45cm),,-45,6,4
rotterdamsehoek.ijsselmeer,Waterhoogte in Oppervlaktewater t.o.v. Normaal Amsterdams Peil in cm,IJsselmeerWinter,1001,331,Normaal (-30 tot -10cm),-45,-10,5,5
rotterdamsehoek.ijsselmeer,Waterhoogte in Oppervlaktewater t.o.v. Normaal Amsterdams Peil in cm,IJsselmeerZomer,401,930,Verlaagd (<-30cm),,-30,6,4
rotterdamsehoek.ijsselmeer,Waterhoogte in Oppervlaktewater t.o.v. Normaal Amsterdams Peil in cm,IJsselmeerZomer,401,930,Normaal (-45 tot -10cm),-30,-10,5,5
sambeek.beneden,Waterhoogte in Oppervlaktewater t.o.v. Normaal Amsterdams Peil in cm,Gehele jaar,101,1231,Extreem hoogwater (> 1340cm),1340,,1,0
sambeek.beneden,Waterhoogte in Oppervlaktewater t.o.v. Normaal Amsterdams Peil in cm,Gehele jaar,101,1231,Hoogwater (> 1270cm),1270,1340,2,1
sambeek.beneden,Waterhoogte in Oppervlaktewater t.o.v. Normaal Amsterdams Peil in cm,Gehele jaar,101,1231,Verhoogde waterstand (> 1165cm),1165,1270,3,2
sambeek.beneden,Waterhoogte in Oppervlaktewater t.o.v. Normaal Amsterdams Peil in cm,Gehele jaar,101,1231,Licht verhoogd (>1030cm),1030,1165,4,3
sambeek.beneden,Waterhoogte in Oppervlaktewater t.o.v. Normaal Amsterdams Peil in cm,Gehele jaar,101,1231,Verlaagde waterstand(< 775cm),,775,6,4
sambeek.beneden,Waterhoogte in Oppervlaktewater t.o.v. Normaal Amsterdams Peil in cm,Gehele jaar,101,1231,Normaal (775 tot 1030cm),775,1030,5,5
sambeek.boven,Waterhoogte in Oppervlaktewater t.o.v. Normaal Amsterdams Peil in cm,Gehele jaar,101,1231,Extreem hoogwater (> 1340cm),1340,,1,0
sambeek.boven,Waterhoogte in Oppervlaktewater t.o.v. Normaal Amsterdams Peil in cm,Gehele jaar,101,1231,Hoogwater (> 1265cm),1265,1340,2,1
sambeek.boven,Waterhoogte in Oppervlaktewater t.o.v. Normaal Amsterdams Peil in cm,Gehele jaar,101,1231,Verhoogde waterstand (> 1150cm),1150,1265,3,2
sambeek.boven,Waterhoogte in Oppervlaktewater t.o.v. Normaal Amsterdams Peil in cm,Gehele jaar,101,1231,Licht verhoogd (>1120cm),1120,1150,4,3
sambeek.boven,Waterhoogte in Oppervlaktewater t.o.v. Normaal Amsterdams Peil in cm,Gehele jaar,101,1231,Verlaagde waterstand (< 1080cm),,1080,6,4
sambeek.boven,Waterhoogte in Oppervlaktewater t.o.v. Normaal Amsterdams Peil in cm,Gehele jaar,101,1231,Normaal (1080 tot 1120cm),1080,1120,5,5
sasvangent,Waterhoogte in Oppervlaktewater t.o.v. Normaal Amsterdams Peil in cm,Gehele jaar,101,1231,Extreem hoogwater (> 280cm),281,,1,0
sasvangent,Waterhoogte in Oppervlaktewater t.o.v. Normaal Amsterdams Peil in cm,Gehele jaar,101,1231,Hoogwater (> 260cm),260,281,2,1
sasvangent,Waterhoogte in Oppervlaktewater t.o.v. Normaal Amsterdams Peil in cm,Gehele jaar,101,1231,Verhoogde waterstand (> 245cm),246,260,3,2
sasvangent,Waterhoogte in Oppervlaktewater t.o.v. Normaal Amsterdams Peil in cm,Gehele jaar,101,1231,Licht verhoogd (>238cm),239,246,4,3
sasvangent,Waterhoogte in Oppervlaktewater t.o.v. Normaal Amsterdams Peil in cm,Gehele jaar,101,1231,Verlaagde waterstand (< 205cm),,100,6,4
sasvangent,Waterhoogte in Oppervlaktewater t.o.v. Normaal Amsterdams Peil in cm,Gehele jaar,101,1231,Normale waterstand (205 tot 238cm),100,239,5,5
sasvangent,Waterhoogte in Oppervlaktewater t.o.v. Normaal Amsterdams Peil in cm,Gehele jaar,101,1231,Streefpeil (213cm),213,213,0,10
schaarvandenoord,Waterhoogte in Oppervlaktewater t.o.v. Normaal Amsterdams Peil in cm,Gehele jaar,101,1231,Verhoogd (>390cm),390,,3,2
schaarvandenoord,Waterhoogte in Oppervlaktewater t.o.v. Normaal Amsterdams Peil in cm,Gehele jaar,101,1231,Licht verhoogd (>370cm),370,390,4,3
schaarvandenoord,Waterhoogte in Oppervlaktewater t.o.v. Normaal Amsterdams Peil in cm,Gehele jaar,101,1231,Verlaagd (<-293cm),,-293,6,4
schaarvandenoord,Waterhoogte in Oppervlaktewater t.o.v. Normaal Amsterdams Peil in cm,Gehele jaar,101,1231,Normaal (-293 tot 370cm),-293,370,5,5
scheveningen,Waterhoogte in Oppervlaktewater t.o.v. Normaal Amsterdams Peil in cm,Gehele jaar,101,1231,Extreem hoogwater (> 350cm),350,,1,0
scheveningen,Waterhoogte in Oppervlaktewater t.o.v. Normaal Amsterdams Peil in cm,Gehele jaar,101,1231,Stormvloed (> 280cm),280,350,2,1
scheveningen,Waterhoogte in Oppervlaktewater t.o.v. Normaal Amsterdams Peil in cm,Gehele jaar,101,1231,Verhoogde waterstand (> 210cm),210,280,3,2
scheveningen,Waterhoogte in Oppervlaktewater t.o.v. Normaal Amsterdams Peil in cm,Gehele jaar,101,1231,Licht verhoogd (>190cm),190,210,4,3
scheveningen,Waterhoogte in Oppervlaktewater t.o.v. Normaal Amsterdams Peil in cm,Gehele jaar,101,1231,Laagwater (< -103cm),,-103,6,4
scheveningen,Waterhoogte in Oppervlaktewater t.o.v. Normaal Amsterdams Peil in cm,Gehele jaar,101,1231,Normaal (-103 tot 190cm),-103,190,5,5
schiermonnikoog.waddenzee,Waterhoogte in Oppervlaktewater t.o.v. Normaal Amsterdams Peil in cm,Gehele jaar,101,1231,Extreem hoogwater (> 390cm),390,,1,0
schiermonnikoog.waddenzee,Waterhoogte in Oppervlaktewater t.o.v. Normaal Amsterdams Peil in cm,Gehele jaar,101,1231,Stormvloed (> 320cm),320,390,2,1
schiermonnikoog.waddenzee,Waterhoogte in Oppervlaktewater t.o.v. Normaal Amsterdams Peil in cm,Gehele jaar,101,1231,Verhoogde waterstand (> 250cm),250,320,3,2
schiermonnikoog.waddenzee,Waterhoogte in Oppervlaktewater t.o.v. Normaal Amsterdams Peil in cm,Gehele jaar,101,1231,Licht verhoogd (>230cm),230,250,4,3
schiermonnikoog.waddenzee,Waterhoogte in Oppervlaktewater t.o.v. Normaal Amsterdams Peil in cm,Gehele jaar,101,1231,Laagwater (< -168cm),,-168,6,4
schiermonnikoog.waddenzee,Waterhoogte in Oppervlaktewater t.o.v. Normaal Amsterdams Peil in cm,Gehele jaar,101,1231,Normaal (-168 tot 230cm),-168,230,5,5
schijndel.sluis.beneden,Waterhoogte in Oppervlaktewater t.o.v. Normaal Amsterdams Peil in cm,Gehele jaar,101,1231,Verhoogde waterstand (>510cm),510,,3,2
schijndel.sluis.beneden,Waterhoogte in Oppervlaktewater t.o.v. Normaal Amsterdams Peil in cm,Gehele jaar,101,1231,Licht verhoogd (>490cm),491,510,4,3
schijndel.sluis.beneden,Waterhoogte in Oppervlaktewater t.o.v. Normaal Amsterdams Peil in cm,Gehele jaar,101,1231,Verlaagde waterstand (<450cm),,449,6,4
schijndel.sluis.beneden,Waterhoogte in Oppervlaktewater t.o.v. Normaal Amsterdams Peil in cm,Gehele jaar,101,1231,Normaal (450 tot 490cm),449,491,5,5
schijndel.sluis.beneden,Waterhoogte in Oppervlaktewater t.o.v. Normaal Amsterdams Peil in cm,Gehele jaar,101,1231,Streefpeil (470cm),470,470,0,10
schijndel.sluis.spuikanaal,Waterhoogte in Oppervlaktewater t.o.v. Normaal Amsterdams Peil in cm,Gehele jaar,101,1231,Veroogd (>902cm),902,,3,2
schijndel.sluis.spuikanaal,Waterhoogte in Oppervlaktewater t.o.v. Normaal Amsterdams Peil in cm,Gehele jaar,101,1231,Licht verhoogd (>882cm),883,902,4,3
schijndel.sluis.spuikanaal,Waterhoogte in Oppervlaktewater t.o.v. Normaal Amsterdams Peil in cm,Gehele jaar,101,1231,Verlaagd (<832cm),,831,6,4
schijndel.sluis.spuikanaal,Waterhoogte in Oppervlaktewater t.o.v. Normaal Amsterdams Peil in cm,Gehele jaar,101,1231,Normaal (832 tot 882cm),831,883,5,5
schoonhoven,Waterhoogte in Oppervlaktewater t.o.v. Normaal Amsterdams Peil in cm,Gehele jaar,101,1231,Extreem hoogwater (> 370cm),370,,1,0
schoonhoven,Waterhoogte in Oppervlaktewater t.o.v. Normaal Amsterdams Peil in cm,Gehele jaar,101,1231,Hoogwater / Stormvloed (> 300cm),300,370,2,1
schoonhoven,Waterhoogte in Oppervlaktewater t.o.v. Normaal Amsterdams Peil in cm,Gehele jaar,101,1231,Verhoogde waterstand (> 220cm),220,300,3,2
schoonhoven,Waterhoogte in Oppervlaktewater t.o.v. Normaal Amsterdams Peil in cm,Gehele jaar,101,1231,Licht verhoogd (>200cm),200,220,4,3
schoonhoven,Waterhoogte in Oppervlaktewater t.o.v. Normaal Amsterdams Peil in cm,Gehele jaar,101,1231,Laagwater (< -70cm),,-70,6,4
schoonhoven,Waterhoogte in Oppervlaktewater t.o.v. Normaal Amsterdams Peil in cm,Gehele jaar,101,1231,Normaal (-70 tot 200cm),-70,200,5,5
shertogenbosch.crevecoeur,Waterhoogte in Oppervlaktewater t.o.v. Normaal Amsterdams Peil in cm,Gehele jaar,101,1231,Verhoogd (>300cm),300,,3,2
shertogenbosch.crevecoeur,Waterhoogte in Oppervlaktewater t.o.v. Normaal Amsterdams Peil in cm,Gehele jaar,101,1231,Licht verhoogd (>250cm),250,300,4,3
shertogenbosch.crevecoeur,Waterhoogte in Oppervlaktewater t.o.v. Normaal Amsterdams Peil in cm,Gehele jaar,101,1231,Verlaagd (< 0cm),,0,6,4
shertogenbosch.crevecoeur,Waterhoogte in Oppervlaktewater t.o.v. Normaal Amsterdams Peil in cm,Gehele jaar,101,1231,Normaal (0 tot 250cm),0,250,5,5
shertogenbosch.engelen.dieze,Debiet in Oppervlaktewater in m3/s,Gehele jaar,101,1231,Verhoogd (>100 m3/s),100,,3,2
shertogenbosch.engelen.dieze,Debiet in Oppervlaktewater in m3/s,Gehele jaar,101,1231,Licht verhoogd (>80 m3/s),80,100,4,3
shertogenbosch.engelen.dieze,Debiet in Oppervlaktewater in m3/s,Gehele jaar,101,1231,Verlaagd (<0 m3/s),,0,6,4
shertogenbosch.engelen.dieze,Debiet in Oppervlaktewater in m3/s,Gehele jaar,101,1231,Normaal (0 tot 80 m3/s),0,80,5,5
shertogenbosch.poeldonk.aa,Waterhoogte in Oppervlaktewater t.o.v. Normaal Amsterdams Peil in cm,Gehele jaar,101,1231,Verhoogde waterstand (>450cm),450,,3,2
shertogenbosch.poeldonk.aa,Waterhoogte in Oppervlaktewater t.o.v. Normaal Amsterdams Peil in cm,Gehele jaar,101,1231,Licht verhoogd (>360cm),360,450,4,3
shertogenbosch.poeldonk.aa,Waterhoogte in Oppervlaktewater t.o.v. Normaal Amsterdams Peil in cm,Gehele jaar,101,1231,Verlaagde waterstand (<210cm),,209,6,4
shertogenbosch.poeldonk.aa,Waterhoogte in Oppervlaktewater t.o.v. Normaal Amsterdams Peil in cm,Gehele jaar,101,1231,Normaal (210 tot 360cm),209,360,5,5
sintannaland.oosterschelde,Waterhoogte in Oppervlaktewater t.o.v. Normaal Amsterdams Peil in cm,Gehele jaar,101,1231,Extreem hoogwater (>370cm),370,,1,0
sintannaland.oosterschelde,Waterhoogte in Oppervlaktewater t.o.v. Normaal Amsterdams Peil in cm,Gehele jaar,101,1231,Stormvloed (>340cm),340,370,2,1
sintannaland.oosterschelde,Waterhoogte in Oppervlaktewater t.o.v. Normaal Amsterdams Peil in cm,Gehele jaar,101,1231,Verhoogd (>310cm),310,340,3,2
sintannaland.oosterschelde,Waterhoogte in Oppervlaktewater t.o.v. Normaal Amsterdams Peil in cm,Gehele jaar,101,1231,Licht verhoogd (>280cm),280,310,4,3
sintannaland.oosterschelde,Waterhoogte in Oppervlaktewater t.o.v. Normaal Amsterdams Peil in cm,Gehele jaar,101,1231,Verlaagd (<-184cm),,-184,6,4
sintannaland.oosterschelde,Waterhoogte in Oppervlaktewater t.o.v. Normaal Amsterdams Peil in cm,Gehele jaar,101,1231,Normaal (-184 tot 280cm),-184,280,5,5
slochtersluis.boven,Waterhoogte in Oppervlaktewater t.o.v. Normaal Amsterdams Peil in cm,Gehele jaar,101,1231,Licht verhoogd (>65cm),66,,4,3
slochtersluis.boven,Waterhoogte in Oppervlaktewater t.o.v. Normaal Amsterdams Peil in cm,Gehele jaar,101,1231,Verlaagd (<35cm),,34,6,4
slochtersluis.boven,Waterhoogte in Oppervlaktewater t.o.v. Normaal Amsterdams Peil in cm,Gehele jaar,101,1231,Normaal (35 tot 65cm),34,66,5,5
smeermaas.zuidwillemsvaart,Debiet in Oppervlaktewater in m3/s,Gehele jaar,101,1231,Verhoogde afvoer (>25m3/s),25,,3,2
smeermaas.zuidwillemsvaart,Debiet in Oppervlaktewater in m3/s,Gehele jaar,101,1231,Verlaagde afvoer (<5m3/s),,5,6,4
smeermaas.zuidwillemsvaart,Debiet in Oppervlaktewater in m3/s,Gehele jaar,101,1231,Normaal (5 tot 25m3/s),5,25,5,5
smeermaas.zuidwillemsvaart,Waterhoogte in Oppervlaktewater t.o.v. Normaal Amsterdams Peil in cm,Gehele jaar,101,1231,Verhoogd (>4060cm),4060,,3,2
smeermaas.zuidwillemsvaart,Waterhoogte in Oppervlaktewater t.o.v. Normaal Amsterdams Peil in cm,Gehele jaar,101,1231,Licht verhoogd (>4050cm),4050,4060,4,3
smeermaas.zuidwillemsvaart,Waterhoogte in Oppervlaktewater t.o.v. Normaal Amsterdams Peil in cm,Gehele jaar,101,1231,Verlaagd (<4020cm),,4020,6,4
smeermaas.zuidwillemsvaart,Waterhoogte in Oppervlaktewater t.o.v. Normaal Amsterdams Peil in cm,Gehele jaar,101,1231,Normaal (4020 tot 4050cm),4020,4050,5,5
someren.sluis11.beneden,Waterhoogte in Oppervlaktewater t.o.v. Normaal Amsterdams Peil in cm,Gehele jaar,101,1231,Verhoogde waterstand (>2298cm),2298,,3,2
someren.sluis11.beneden,Waterhoogte in Oppervlaktewater t.o.v. Normaal Amsterdams Peil in cm,Gehele jaar,101,1231,Licht verhoogd (>2278cm),2278,2298,4,3
someren.sluis11.beneden,Waterhoogte in Oppervlaktewater t.o.v. Normaal Amsterdams Peil in cm,Gehele jaar,101,1231,Verlaagde waterstand (<2238cm),,2238,6,4
someren.sluis11.beneden,Waterhoogte in Oppervlaktewater t.o.v. Normaal Amsterdams Peil in cm,Gehele jaar,101,1231,Normaal (2238 tot 2278cm),2238,2278,5,5
someren.sluis11.beneden,Waterhoogte in Oppervlaktewater t.o.v. Normaal Amsterdams Peil in cm,Gehele jaar,101,1231,Streefpeil (2258cm),2258,2258,0,10
someren.sluis11.boven,Waterhoogte in Oppervlaktewater t.o.v. Normaal Amsterdams Peil in cm,Gehele jaar,101,1231,Verhoogde waterstand (>2548cm),2548,,3,2
someren.sluis11.boven,Waterhoogte in Oppervlaktewater t.o.v. Normaal Amsterdams Peil in cm,Gehele jaar,101,1231,Licht verhoogd (>2528cm),2528,2548,4,3
someren.sluis11.boven,Waterhoogte in Oppervlaktewater t.o.v. Normaal Amsterdams Peil in cm,Gehele jaar,101,1231,Verlaagde waterstand (<2488cm),,2488,6,4
someren.sluis11.boven,Waterhoogte in Oppervlaktewater t.o.v. Normaal Amsterdams Peil in cm,Gehele jaar,101,1231,Normale waterstand (2488 tot 2528cm),2488,2528,5,5
someren.sluis11.boven,Waterhoogte in Oppervlaktewater t.o.v. Normaal Amsterdams Peil in cm,Gehele jaar,101,1231,Streefpeil (2508cm),2508,2508,0,10
someren.sluis12.beneden,Waterhoogte in Oppervlaktewater t.o.v. Normaal Amsterdams Peil in cm,Gehele jaar,101,1231,Vorhoogde waterstand (>2548cm),2548,,3,2
someren.sluis12.beneden,Waterhoogte in Oppervlaktewater t.o.v. Normaal Amsterdams Peil in cm,Gehele jaar,101,1231,Licht verhoogd (>2528cm),2528,2548,4,3
someren.sluis12.beneden,Waterhoogte in Oppervlaktewater t.o.v. Normaal Amsterdams Peil in cm,Gehele jaar,101,1231,Verlaagde waterstand (<2488cm),,2488,6,4
someren.sluis12.beneden,Waterhoogte in Oppervlaktewater t.o.v. Normaal Amsterdams Peil in cm,Gehele jaar,101,1231,Normaal (2488 tot 2528cm),2488,2528,5,5
someren.sluis12.beneden,Waterhoogte in Oppervlaktewater t.o.v. Normaal Amsterdams Peil in cm,Gehele jaar,101,1231,Streefpeil (2508cm),2508,2508,0,10
someren.sluis12.boven,Waterhoogte in Oppervlaktewater t.o.v. Normaal Amsterdams Peil in cm,Gehele jaar,101,1231,Verhoogde waterstand (>2751cm),2751,,3,2
someren.sluis12.boven,Waterhoogte in Oppervlaktewater t.o.v. Normaal Amsterdams Peil in cm,Gehele jaar,101,1231,Licht verhoogd (>2731cm),2731,2751,4,3
someren.sluis12.boven,Waterhoogte in Oppervlaktewater t.o.v. Normaal Amsterdams Peil in cm,Gehele jaar,101,1231,Verlaagde waterstand (<2686cm),,2686,6,4
someren.sluis12.boven,Waterhoogte in Oppervlaktewater t.o.v. Normaal Amsterdams Peil in cm,Gehele jaar,101,1231,Normaal (2686 tot 2731cm),2686,2731,5,5
someren.sluis12.boven,Waterhoogte in Oppervlaktewater t.o.v. Normaal Amsterdams Peil in cm,Gehele jaar,101,1231,Streefpeil (2706cm),2706,2706,0,10
someren.sluis13.beneden,Waterhoogte in Oppervlaktewater t.o.v. Normaal Amsterdams Peil in cm,Gehele jaar,101,1231,Verhoogde waterstand (>2751cm),2751,,3,2
someren.sluis13.beneden,Waterhoogte in Oppervlaktewater t.o.v. Normaal Amsterdams Peil in cm,Gehele jaar,101,1231,Licht verhoogd (>2731cm),2731,2751,4,3
someren.sluis13.beneden,Waterhoogte in Oppervlaktewater t.o.v. Normaal Amsterdams Peil in cm,Gehele jaar,101,1231,Verlaagde waterstand (<2686cm),,2686,6,4
someren.sluis13.beneden,Waterhoogte in Oppervlaktewater t.o.v. Normaal Amsterdams Peil in cm,Gehele jaar,101,1231,Normaal (2686 tot 2731cm),2686,2731,5,5
someren.sluis13.beneden,Waterhoogte in Oppervlaktewater t.o.v. Normaal Amsterdams Peil in cm,Gehele jaar,101,1231,Streefpeil (2706cm),2706,2706,0,10
someren.sluis13.boven,Waterhoogte in Oppervlaktewater t.o.v. Normaal Amsterdams Peil in cm,Gehele jaar,101,1231,Verhoogde waterstand (>2900cm),2900,,3,2
someren.sluis13.boven,Waterhoogte in Oppervlaktewater t.o.v. Normaal Amsterdams Peil in cm,Gehele jaar,101,1231,Licht verhoogd (>2874cm),2880,2900,4,3
someren.sluis13.boven,Waterhoogte in Oppervlaktewater t.o.v. Normaal Amsterdams Peil in cm,Gehele jaar,101,1231,Verlaagde waterstand (<2850cm),,2850,6,4
someren.sluis13.boven,Waterhoogte in Oppervlaktewater t.o.v. Normaal Amsterdams Peil in cm,Gehele jaar,101,1231,Normale waterstand (2850 tot 2874cm),2850,2880,5,5
someren.sluis13.boven,Waterhoogte in Oppervlaktewater t.o.v. Normaal Amsterdams Peil in cm,Gehele jaar,101,1231,Streefpeil (2865cm),2865,2865,0,10
spijkenisse.oudemaas,Waterhoogte in Oppervlaktewater t.o.v. Normaal Amsterdams Peil in cm,Gehele jaar,101,1231,Verhoogd (>210cm),210,,3,2
spijkenisse.oudemaas,Waterhoogte in Oppervlaktewater t.o.v. Normaal Amsterdams Peil in cm,Gehele jaar,101,1231,Verlaagd (<-67cm),,-67,6,4
spijkenisse.oudemaas,Waterhoogte in Oppervlaktewater t.o.v. Normaal Amsterdams Peil in cm,Gehele jaar,101,1231,Normaal (-67 tot 210cm),-67,210,5,5
stavenisse,Waterhoogte in Oppervlaktewater t.o.v. Normaal Amsterdams Peil in cm,Gehele jaar,101,1231,Extreem hoogwater (> 370cm),370,,1,0
stavenisse,Waterhoogte in Oppervlaktewater t.o.v. Normaal Amsterdams Peil in cm,Gehele jaar,101,1231,Stormvloed (> 330cm),330,370,2,1
stavenisse,Waterhoogte in Oppervlaktewater t.o.v. Normaal Amsterdams Peil in cm,Gehele jaar,101,1231,Verhoogde waterstand (> 300cm),300,330,3,2
stavenisse,Waterhoogte in Oppervlaktewater t.o.v. Normaal Amsterdams Peil in cm,Gehele jaar,101,1231,Licht verhoogd (>270cm),270,300,4,3
stavenisse,Waterhoogte in Oppervlaktewater t.o.v. Normaal Amsterdams Peil in cm,Gehele jaar,101,1231,Verlaagde waterstand (< -181cm),,-181,6,4
stavenisse,Waterhoogte in Oppervlaktewater t.o.v. Normaal Amsterdams Peil in cm,Gehele jaar,101,1231,Normale waterstand (-181 tot 270cm),-181,270,5,5
stavoren.gemaalhoogland.buiten,Waterhoogte in Oppervlaktewater t.o.v. Normaal Amsterdams Peil in cm,Gehele jaar,101,1231,Hoogwater (> 85cm),85,,2,1
stavoren.gemaalhoogland.buiten,Waterhoogte in Oppervlaktewater t.o.v. Normaal Amsterdams Peil in cm,Gehele jaar,101,1231,Verhoogde waterstand (> 70cm),70,85,3,2
stavoren.gemaalhoogland.buiten,Waterhoogte in Oppervlaktewater t.o.v. Normaal Amsterdams Peil in cm,Gehele jaar,101,1231,Licht verhoogd (> 40cm),40,70,4,3
stavoren.gemaalhoogland.buiten,Waterhoogte in Oppervlaktewater t.o.v. Normaal Amsterdams Peil in cm,Gehele jaar,101,1231,Verlaagde waterstand (< -50cm),,-50,6,4
stavoren.gemaalhoogland.buiten,Waterhoogte in Oppervlaktewater t.o.v. Normaal Amsterdams Peil in cm,Gehele jaar,101,1231,Normaal (> -50cm),-50,40,5,5
stellendam.buitenhaven,Waterhoogte in Oppervlaktewater t.o.v. Normaal Amsterdams Peil in cm,Gehele jaar,101,1231,Extreem hoogwater (> 410cm),410,,1,0
stellendam.buitenhaven,Waterhoogte in Oppervlaktewater t.o.v. Normaal Amsterdams Peil in cm,Gehele jaar,101,1231,Stormvloed (> 345cm),345,410,2,1
stellendam.buitenhaven,Waterhoogte in Oppervlaktewater t.o.v. Normaal Amsterdams Peil in cm,Gehele jaar,101,1231,Verhoogde waterstand (> 300cm),300,345,3,2
stellendam.buitenhaven,Waterhoogte in Oppervlaktewater t.o.v. Normaal Amsterdams Peil in cm,Gehele jaar,101,1231,Licht verhoogd (>270cm),270,300,4,3
stellendam.buitenhaven,Waterhoogte in Oppervlaktewater t.o.v. Normaal Amsterdams Peil in cm,Gehele jaar,101,1231,Laagwater (< -170cm),,-170,6,4
stellendam.buitenhaven,Waterhoogte in Oppervlaktewater t.o.v. Normaal Amsterdams Peil in cm,Gehele jaar,101,1231,Normaal (> -170cm),-170,270,5,5
stevensweert,Waterhoogte in Oppervlaktewater t.o.v. Normaal Amsterdams Peil in cm,Gehele jaar,101,1231,Extreem hoogwater (> 2510cm),2510,,1,0
stevensweert,Waterhoogte in Oppervlaktewater t.o.v. Normaal Amsterdams Peil in cm,Gehele jaar,101,1231,Hoogwater (> 2450cm),2450,2510,2,1
stevensweert,Waterhoogte in Oppervlaktewater t.o.v. Normaal Amsterdams Peil in cm,Gehele jaar,101,1231,Verhoogde waterstand (> 2320cm),2320,2450,3,2
stevensweert,Waterhoogte in Oppervlaktewater t.o.v. Normaal Amsterdams Peil in cm,Gehele jaar,101,1231,Licht verhoogd (>2220cm),2220,2320,4,3
stevensweert,Waterhoogte in Oppervlaktewater t.o.v. Normaal Amsterdams Peil in cm,Gehele jaar,101,1231,Verlaagde waterstand (< 2075cm),,2075,6,4
stevensweert,Waterhoogte in Oppervlaktewater t.o.v. Normaal Amsterdams Peil in cm,Gehele jaar,101,1231,Normaal (> 2075cm),2075,2220,5,5
steyl,Waterhoogte in Oppervlaktewater t.o.v. Normaal Amsterdams Peil in cm,Gehele jaar,101,1231,Extreem hoogwater (>1825cm),1825,,1,0
steyl,Waterhoogte in Oppervlaktewater t.o.v. Normaal Amsterdams Peil in cm,Gehele jaar,101,1231,Hoogwater (>1685cm),1685,1825,2,1
steyl,Waterhoogte in Oppervlaktewater t.o.v. Normaal Amsterdams Peil in cm,Gehele jaar,101,1231,Verhoogde waterstand (>1465cm),1465,1685,3,2
steyl,Waterhoogte in Oppervlaktewater t.o.v. Normaal Amsterdams Peil in cm,Gehele jaar,101,1231,Licht verhoogd (>1330cm),1330,1465,4,3
steyl,Waterhoogte in Oppervlaktewater t.o.v. Normaal Amsterdams Peil in cm,Gehele jaar,101,1231,Verlaagde waterstand (<1105cm),,1105,6,4
steyl,Waterhoogte in Oppervlaktewater t.o.v. Normaal Amsterdams Peil in cm,Gehele jaar,101,1231,Normale waterstand (1105 tot 1330cm),1105,1330,5,5
terherne.beneden,Waterhoogte in Oppervlaktewater t.o.v. Normaal Amsterdams Peil in cm,Gehele jaar,101,1231,Licht verhoogd (>-29cm),-29,,4,3
terherne.beneden,Waterhoogte in Oppervlaktewater t.o.v. Normaal Amsterdams Peil in cm,Gehele jaar,101,1231,Verlaagd (<-66cm),,-66,6,4
terherne.beneden,Waterhoogte in Oppervlaktewater t.o.v. Normaal Amsterdams Peil in cm,Gehele jaar,101,1231,Normaal (-66 tot -29cm),-66,-29,5,5
terherne.boven,Waterhoogte in Oppervlaktewater t.o.v. Normaal Amsterdams Peil in cm,Gehele jaar,101,1231,Licht verhoogd (>-29cm),-29,,4,3
terherne.boven,Waterhoogte in Oppervlaktewater t.o.v. Normaal Amsterdams Peil in cm,Gehele jaar,101,1231,Verlaagd (<-66cm),,-66,6,4
terherne.boven,Waterhoogte in Oppervlaktewater t.o.v. Normaal Amsterdams Peil in cm,Gehele jaar,101,1231,Normaal (-66 tot -29cm),-66,-29,5,5
terneuzen,Waterhoogte in Oppervlaktewater t.o.v. Normaal Amsterdams Peil in cm,Gehele jaar,101,1231,Extreem hoogwater (> 460cm),460,,1,0
terneuzen,Waterhoogte in Oppervlaktewater t.o.v. Normaal Amsterdams Peil in cm,Gehele jaar,101,1231,Stormvloed (> 400cm),400,460,2,1
terneuzen,Waterhoogte in Oppervlaktewater t.o.v. Normaal Amsterdams Peil in cm,Gehele jaar,101,1231,Verhoogde waterstand (> 350cm),350,400,3,2
terneuzen,Waterhoogte in Oppervlaktewater t.o.v. Normaal Amsterdams Peil in cm,Gehele jaar,101,1231,Licht verhoogd (>330cm),330,350,4,3
terneuzen,Waterhoogte in Oppervlaktewater t.o.v. Normaal Amsterdams Peil in cm,Gehele jaar,101,1231,Laagwater (< -269cm),,-269,6,4
terneuzen,Waterhoogte in Oppervlaktewater t.o.v. Normaal Amsterdams Peil in cm,Gehele jaar,101,1231,Normaal (-269 tot 330cm),-269,330,5,5
terneuzen.sluiskilbrug,Waterhoogte in Oppervlaktewater t.o.v. Normaal Amsterdams Peil in cm,Gehele jaar,101,1231,Extreem hoogwater (>280cm),281,,1,0
terneuzen.sluiskilbrug,Waterhoogte in Oppervlaktewater t.o.v. Normaal Amsterdams Peil in cm,Gehele jaar,101,1231,Hoogwater (>260cm),260,281,2,1
terneuzen.sluiskilbrug,Waterhoogte in Oppervlaktewater t.o.v. Normaal Amsterdams Peil in cm,Gehele jaar,101,1231,Verhoogde waterstand (>245cm),246,260,3,2
terneuzen.sluiskilbrug,Waterhoogte in Oppervlaktewater t.o.v. Normaal Amsterdams Peil in cm,Gehele jaar,101,1231,Licht verhoogd (>238cm),239,246,4,3
terneuzen.sluiskilbrug,Waterhoogte in Oppervlaktewater t.o.v. Normaal Amsterdams Peil in cm,Gehele jaar,101,1231,Verlaagde waterstand (<205cm),,204,6,4
terneuzen.sluiskilbrug,Waterhoogte in Oppervlaktewater t.o.v. Normaal Amsterdams Peil in cm,Gehele jaar,101,1231,Normale waterstand (205 tot 238cm),204,239,5,5
terneuzen.sluiskilbrug,Waterhoogte in Oppervlaktewater t.o.v. Normaal Amsterdams Peil in cm,Gehele jaar,101,1231,Streefpeil (213cm),213,213,0,10
terschelling.noordzee,Waterhoogte in Oppervlaktewater t.o.v. Normaal Amsterdams Peil in cm,Gehele jaar,101,1231,Extreem hoogwater (> 315cm),315,,1,0
terschelling.noordzee,Waterhoogte in Oppervlaktewater t.o.v. Normaal Amsterdams Peil in cm,Gehele jaar,101,1231,Stormvloed (> 255cm),255,315,2,1
terschelling.noordzee,Waterhoogte in Oppervlaktewater t.o.v. Normaal Amsterdams Peil in cm,Gehele jaar,101,1231,Verhoogde waterstand (> 205cm),205,255,3,2
terschelling.noordzee,Waterhoogte in Oppervlaktewater t.o.v. Normaal Amsterdams Peil in cm,Gehele jaar,101,1231,Licht verhoogd (>190cm),190,205,4,3
terschelling.noordzee,Waterhoogte in Oppervlaktewater t.o.v. Normaal Amsterdams Peil in cm,Gehele jaar,101,1231,Laagwater (< -160cm),,-160,6,4
terschelling.noordzee,Waterhoogte in Oppervlaktewater t.o.v. Normaal Amsterdams Peil in cm,Gehele jaar,101,1231,Normaal (-160 tot 190cm),-160,190,5,5
terschelling.west,Waterhoogte in Oppervlaktewater t.o.v. Normaal Amsterdams Peil in cm,Gehele jaar,101,1231,Extreem hoogwater (> 340cm),340,,1,0
terschelling.west,Waterhoogte in Oppervlaktewater t.o.v. Normaal Amsterdams Peil in cm,Gehele jaar,101,1231,Stormvloed (> 280cm),280,340,2,1
terschelling.west,Waterhoogte in Oppervlaktewater t.o.v. Normaal Amsterdams Peil in cm,Gehele jaar,101,1231,Verhoogde waterstand (> 220cm),220,280,3,2
terschelling.west,Waterhoogte in Oppervlaktewater t.o.v. Normaal Amsterdams Peil in cm,Gehele jaar,101,1231,Licht verhoogd (>200cm),200,220,4,3
terschelling.west,Waterhoogte in Oppervlaktewater t.o.v. Normaal Amsterdams Peil in cm,Gehele jaar,101,1231,Laagwater (< -148cm),,-148,6,4
terschelling.west,Waterhoogte in Oppervlaktewater t.o.v. Normaal Amsterdams Peil in cm,Gehele jaar,101,1231,Normaal (-148 tot 200cm),-148,200,5,5
texel.noordzee,Waterhoogte in Oppervlaktewater t.o.v. Normaal Amsterdams Peil in cm,Gehele jaar,101,1231,Extreem hoogwater (>315cm),315,,1,0
texel.noordzee,Waterhoogte in Oppervlaktewater t.o.v. Normaal Amsterdams Peil in cm,Gehele jaar,101,1231,Stormvloed (>260cm),260,315,2,1
texel.noordzee,Waterhoogte in Oppervlaktewater t.o.v. Normaal Amsterdams Peil in cm,Gehele jaar,101,1231,Verhoogd (>210cm),210,260,3,2
texel.noordzee,Waterhoogte in Oppervlaktewater t.o.v. Normaal Amsterdams Peil in cm,Gehele jaar,101,1231,Licht verhoogd (>180cm),180,210,4,3
texel.noordzee,Waterhoogte in Oppervlaktewater t.o.v. Normaal Amsterdams Peil in cm,Gehele jaar,101,1231,Verlaagd (<-143cm),,-143,6,4
texel.noordzee,Waterhoogte in Oppervlaktewater t.o.v. Normaal Amsterdams Peil in cm,Gehele jaar,101,1231,Normaal (-143 tot 180cm),-143,180,5,5
texel.oudeschild,Waterhoogte in Oppervlaktewater t.o.v. Normaal Amsterdams Peil in cm,Gehele jaar,101,1231,Extreem hoogwater (> 345cm),345,,1,0
texel.oudeschild,Waterhoogte in Oppervlaktewater t.o.v. Normaal Amsterdams Peil in cm,Gehele jaar,101,1231,Stormvloed (> 270cm),270,345,2,1
texel.oudeschild,Waterhoogte in Oppervlaktewater t.o.v. Normaal Amsterdams Peil in cm,Gehele jaar,101,1231,Verhoogde waterstand (> 205cm),205,270,3,2
texel.oudeschild,Waterhoogte in Oppervlaktewater t.o.v. Normaal Amsterdams Peil in cm,Gehele jaar,101,1231,Licht verhoogd (>195cm),195,205,4,3
texel.oudeschild,Waterhoogte in Oppervlaktewater t.o.v. Normaal Amsterdams Peil in cm,Gehele jaar,101,1231,Laagwater (< -117cm),,-117,6,4
texel.oudeschild,Waterhoogte in Oppervlaktewater t.o.v. Normaal Amsterdams Peil in cm,Gehele jaar,101,1231,Normaal (-117 tot 195cm),-117,195,5,5
tholen.bergsediepsluis.buiten,Waterhoogte in Oppervlaktewater t.o.v. Normaal Amsterdams Peil in cm,Gehele jaar,101,1231,Extreem hoogwater (> 370cm),370,,1,0
tholen.bergsediepsluis.buiten,Waterhoogte in Oppervlaktewater t.o.v. Normaal Amsterdams Peil in cm,Gehele jaar,101,1231,Stormvloed (> 340cm),340,370,2,1
tholen.bergsediepsluis.buiten,Waterhoogte in Oppervlaktewater t.o.v. Normaal Amsterdams Peil in cm,Gehele jaar,101,1231,Verhoogde waterstand (>310cm),310,340,3,2
tholen.bergsediepsluis.buiten,Waterhoogte in Oppervlaktewater t.o.v. Normaal Amsterdams Peil in cm,Gehele jaar,101,1231,Licht verhoogd (>280cm),280,310,4,3
tholen.bergsediepsluis.buiten,Waterhoogte in Oppervlaktewater t.o.v. Normaal Amsterdams Peil in cm,Gehele jaar,101,1231,Verlaagde waterstand (< -208cm),,-208,6,4
tholen.bergsediepsluis.buiten,Waterhoogte in Oppervlaktewater t.o.v. Normaal Amsterdams Peil in cm,Gehele jaar,101,1231,Normale waterstand (-208 tot 280cm),-208,280,5,5
tiel.waal,Debiet in Oppervlaktewater in m3/s,Gehele jaar,101,1231,Extreme afvoer (>7600 m3/s),7600,,1,0
tiel.waal,Debiet in Oppervlaktewater in m3/s,Gehele jaar,101,1231,Hoge afvoer (>5300 m3/s),5300,7600,2,1
tiel.waal,Debiet in Oppervlaktewater in m3/s,Gehele jaar,101,1231,Verhoogde afvoer (>3500 m3/s),3500,5300,3,2
tiel.waal,Debiet in Oppervlaktewater in m3/s,Gehele jaar,101,1231,Licht verhoogd (>2600 m3/s),2600,3500,4,3
tiel.waal,Debiet in Oppervlaktewater in m3/s,Gehele jaar,101,1231,Verlaagde afvoer (<800 m3/s),,800,6,4
tiel.waal,Debiet in Oppervlaktewater in m3/s,Gehele jaar,101,1231,Normale afvoer (800 tot 2600 m3/s),800,2600,5,5
tiel.waal,Waterhoogte in Oppervlaktewater t.o.v. Normaal Amsterdams Peil in cm,Gehele jaar,101,1231,Extreem hoogwater (> 1020cm),1020,,1,0
tiel.waal,Waterhoogte in Oppervlaktewater t.o.v. Normaal Amsterdams Peil in cm,Gehele jaar,101,1231,Hoogwater (> 905cm),905,1020,2,1
tiel.waal,Waterhoogte in Oppervlaktewater t.o.v. Normaal Amsterdams Peil in cm,Gehele jaar,101,1231,Verhoogde waterstand (> 765cm),765,905,3,2
tiel.waal,Waterhoogte in Oppervlaktewater t.o.v. Normaal Amsterdams Peil in cm,Gehele jaar,101,1231,Licht verhoogd (>685cm),685,765,4,3
tiel.waal,Waterhoogte in Oppervlaktewater t.o.v. Normaal Amsterdams Peil in cm,Gehele jaar,101,1231,Verlaagde waterstand (< 310cm),,310,6,4
tiel.waal,Waterhoogte in Oppervlaktewater t.o.v. Normaal Amsterdams Peil in cm,Gehele jaar,101,1231,Normaal (310 - 685cm),310,685,5,5
tilburg.sluis2.beneden,Waterhoogte in Oppervlaktewater t.o.v. Normaal Amsterdams Peil in cm,Gehele jaar,101,1231,Verhoogde waterstand (>560cm),560,,3,2
tilburg.sluis2.beneden,Waterhoogte in Oppervlaktewater t.o.v. Normaal Amsterdams Peil in cm,Gehele jaar,101,1231,Licht verhoogd (>540cm),540,560,4,3
tilburg.sluis2.beneden,Waterhoogte in Oppervlaktewater t.o.v. Normaal Amsterdams Peil in cm,Gehele jaar,101,1231,Verlaagde waterstand (<495cm),,495,6,4
tilburg.sluis2.beneden,Waterhoogte in Oppervlaktewater t.o.v. Normaal Amsterdams Peil in cm,Gehele jaar,101,1231,Normaal (495 tot 540cm),495,540,5,5
tilburg.sluis2.beneden,Waterhoogte in Oppervlaktewater t.o.v. Normaal Amsterdams Peil in cm,Gehele jaar,101,1231,Streefpeil (515cm),515,515,0,10
tilburg.sluis2.boven,Waterhoogte in Oppervlaktewater t.o.v. Normaal Amsterdams Peil in cm,Gehele jaar,101,1231,Verhoogde waterstand (>810cm),810,,3,2
tilburg.sluis2.boven,Waterhoogte in Oppervlaktewater t.o.v. Normaal Amsterdams Peil in cm,Gehele jaar,101,1231,Licht verhogd (>790cm),790,810,4,3
tilburg.sluis2.boven,Waterhoogte in Oppervlaktewater t.o.v. Normaal Amsterdams Peil in cm,Gehele jaar,101,1231,Verlaagde waterstand (<750cm),,750,6,4
tilburg.sluis2.boven,Waterhoogte in Oppervlaktewater t.o.v. Normaal Amsterdams Peil in cm,Gehele jaar,101,1231,Normaal (750 tot 790cm),750,790,5,5
tilburg.sluis2.boven,Waterhoogte in Oppervlaktewater t.o.v. Normaal Amsterdams Peil in cm,Gehele jaar,101,1231,Streefpeil (770cm),770,770,0,10
tilburg.sluis3.beneden,Waterhoogte in Oppervlaktewater t.o.v. Normaal Amsterdams Peil in cm,Gehele jaar,101,1231,Verhoogde waterstand (>810cm),810,,3,2
tilburg.sluis3.beneden,Waterhoogte in Oppervlaktewater t.o.v. Normaal Amsterdams Peil in cm,Gehele jaar,101,1231,Licht verhoogd (>790cm),790,810,4,3
tilburg.sluis3.beneden,Waterhoogte in Oppervlaktewater t.o.v. Normaal Amsterdams Peil in cm,Gehele jaar,101,1231,Verlaagde waterstand (<750cm),,750,6,4
tilburg.sluis3.beneden,Waterhoogte in Oppervlaktewater t.o.v. Normaal Amsterdams Peil in cm,Gehele jaar,101,1231,Normaal (750 tot 790cm),750,790,5,5
tilburg.sluis3.beneden,Waterhoogte in Oppervlaktewater t.o.v. Normaal Amsterdams Peil in cm,Gehele jaar,101,1231,Streefpeil (770cm),770,770,0,10
tilburg.sluis3.boven,Waterhoogte in Oppervlaktewater t.o.v. Normaal Amsterdams Peil in cm,Gehele jaar,101,1231,Verhoogde waterstand (>1300cm),1300,,3,2
tilburg.sluis3.boven,Waterhoogte in Oppervlaktewater t.o.v. Normaal Amsterdams Peil in cm,Gehele jaar,101,1231,Licht verhoogd (>1285cm),1285,1300,4,3
tilburg.sluis3.boven,Waterhoogte in Oppervlaktewater t.o.v. Normaal Amsterdams Peil in cm,Gehele jaar,101,1231,Verlaagde waterstand (<1235cm),,1235,6,4
tilburg.sluis3.boven,Waterhoogte in Oppervlaktewater t.o.v. Normaal Amsterdams Peil in cm,Gehele jaar,101,1231,Normaal (1235-1285cm),1235,1285,5,5
tilburg.sluis3.boven,Waterhoogte in Oppervlaktewater t.o.v. Normaal Amsterdams Peil in cm,Gehele jaar,101,1231,Streefpeil (1255cm),1255,1255,0,10
uikhoven,Waterhoogte in Oppervlaktewater t.o.v. Normaal Amsterdams Peil in cm,Gehele jaar,101,1231,Extreem hoogwater (>4145cm),4145,,1,0
uikhoven,Waterhoogte in Oppervlaktewater t.o.v. Normaal Amsterdams Peil in cm,Gehele jaar,101,1231,Hoogwater (>4085cm),4085,4145,2,1
uikhoven,Waterhoogte in Oppervlaktewater t.o.v. Normaal Amsterdams Peil in cm,Gehele jaar,101,1231,Verhoogde waterstand (>3915cm),3915,4085,3,2
uikhoven,Waterhoogte in Oppervlaktewater t.o.v. Normaal Amsterdams Peil in cm,Gehele jaar,101,1231,Licht verhoogd (>3800cm),3800,3915,4,3
uikhoven,Waterhoogte in Oppervlaktewater t.o.v. Normaal Amsterdams Peil in cm,Gehele jaar,101,1231,Verlaagde waterstand (<3505cm),,3505,6,4
uikhoven,Waterhoogte in Oppervlaktewater t.o.v. Normaal Amsterdams Peil in cm,Gehele jaar,101,1231,Normaal (3505 tot 3800cm),3505,3800,5,5
veessen,Waterhoogte in Oppervlaktewater t.o.v. Normaal Amsterdams Peil in cm,Gehele jaar,101,1231,Extreem hoogwater (>560cm),560,,1,0
veessen,Waterhoogte in Oppervlaktewater t.o.v. Normaal Amsterdams Peil in cm,Gehele jaar,101,1231,Hoogwater (>480cm),480,560,2,1
veessen,Waterhoogte in Oppervlaktewater t.o.v. Normaal Amsterdams Peil in cm,Gehele jaar,101,1231,Verhoogd (>400cm),400,480,3,2
veessen,Waterhoogte in Oppervlaktewater t.o.v. Normaal Amsterdams Peil in cm,Gehele jaar,101,1231,Licht verhoogd (>320cm),320,400,4,3
veessen,Waterhoogte in Oppervlaktewater t.o.v. Normaal Amsterdams Peil in cm,Gehele jaar,101,1231,Verlaagd (<55cm),,55,6,4
veessen,Waterhoogte in Oppervlaktewater t.o.v. Normaal Amsterdams Peil in cm,Gehele jaar,101,1231,Normaal (55 tot 320cm),55,320,5,5
veghel.sluis4.beneden,Waterhoogte in Oppervlaktewater t.o.v. Normaal Amsterdams Peil in cm,Gehele jaar,101,1231,Verhoogde waterstand (>902cm),902,,3,2
veghel.sluis4.beneden,Waterhoogte in Oppervlaktewater t.o.v. Normaal Amsterdams Peil in cm,Gehele jaar,101,1231,Licht verhoogd (>882cm),882,902,4,3
veghel.sluis4.beneden,Waterhoogte in Oppervlaktewater t.o.v. Normaal Amsterdams Peil in cm,Gehele jaar,101,1231,Verlaagde waterstand (<832cm),,832,6,4
veghel.sluis4.beneden,Waterhoogte in Oppervlaktewater t.o.v. Normaal Amsterdams Peil in cm,Gehele jaar,101,1231,Normale waterstand (832 tot 882cm),832,882,5,5
veghel.sluis4.beneden,Waterhoogte in Oppervlaktewater t.o.v. Normaal Amsterdams Peil in cm,Gehele jaar,101,1231,Streefpeil (852cm),852,852,0,10
veghel.sluis4.boven,Waterhoogte in Oppervlaktewater t.o.v. Normaal Amsterdams Peil in cm,Gehele jaar,101,1231,Verhoogde waterstand (>1107cm),1107,,3,2
veghel.sluis4.boven,Waterhoogte in Oppervlaktewater t.o.v. Normaal Amsterdams Peil in cm,Gehele jaar,101,1231,Licht verhoogd (>1087cm),1087,1107,4,3
veghel.sluis4.boven,Waterhoogte in Oppervlaktewater t.o.v. Normaal Amsterdams Peil in cm,Gehele jaar,101,1231,Verlaagde waterstand (<1032cm),,1032,6,4
veghel.sluis4.boven,Waterhoogte in Oppervlaktewater t.o.v. Normaal Amsterdams Peil in cm,Gehele jaar,101,1231,Normaal (1032 tot 1087cm),1032,1087,5,5
veghel.sluis4.boven,Waterhoogte in Oppervlaktewater t.o.v. Normaal Amsterdams Peil in cm,Gehele jaar,101,1231,Strefpeil (1057cm),1057,1057,0,10
venlo,Debiet in Oppervlaktewater in m3/s,Gehele jaar,101,1231,Extreme afvoer (>2650 m3/s),2650,,1,0
venlo,Debiet in Oppervlaktewater in m3/s,Gehele jaar,101,1231,Hoge afvoer (>2050 m3/s),2050,2650,2,1
venlo,Debiet in Oppervlaktewater in m3/s,Gehele jaar,101,1231,Verhoogde afvoer (>1300 m3/s),1300,2050,3,2
venlo,Debiet in Oppervlaktewater in m3/s,Gehele jaar,101,1231,Licht verhoogd (>850 m3/s),850,1300,4,3
venlo,Debiet in Oppervlaktewater in m3/s,Gehele jaar,101,1231,Verlaagde afvoer (<25 m3/s),,25,6,4
venlo,Debiet in Oppervlaktewater in m3/s,Gehele jaar,101,1231,Normale afvoer (25 tot 850 m3/s),25,850,5,5
venlo,Waterhoogte in Oppervlaktewater t.o.v. Normaal Amsterdams Peil in cm,Gehele jaar,101,1231,Extreem hoogwater (> 1765cm),1765,,1,0
venlo,Waterhoogte in Oppervlaktewater t.o.v. Normaal Amsterdams Peil in cm,Gehele jaar,101,1231,Hoogwater (> 1640cm),1640,1765,2,1
venlo,Waterhoogte in Oppervlaktewater t.o.v. Normaal Amsterdams Peil in cm,Gehele jaar,101,1231,Verhoogde waterstand (> 1440cm),1440,1640,3,2
venlo,Waterhoogte in Oppervlaktewater t.o.v. Normaal Amsterdams Peil in cm,Gehele jaar,101,1231,Licht verhoogd (>1315cm),1315,1440,4,3
venlo,Waterhoogte in Oppervlaktewater t.o.v. Normaal Amsterdams Peil in cm,Gehele jaar,101,1231,Verlaagde waterstand(< 1105cm),,1105,6,4
venlo,Waterhoogte in Oppervlaktewater t.o.v. Normaal Amsterdams Peil in cm,Gehele jaar,101,1231,Normaal (1105 tot 1315cm),1105,1315,5,5
vlaardingen,Waterhoogte in Oppervlaktewater t.o.v. Normaal Amsterdams Peil in cm,Gehele jaar,101,1231,Extreem hoogwater (> 310cm),310,,1,0
vlaardingen,Waterhoogte in Oppervlaktewater t.o.v. Normaal Amsterdams Peil in cm,Gehele jaar,101,1231,Hoogwater / Stormvloed (> 280cm),280,310,2,1
vlaardingen,Waterhoogte in Oppervlaktewater t.o.v. Normaal Amsterdams Peil in cm,Gehele jaar,101,1231,Verhoogde waterstand (> 220cm),220,280,3,2
vlaardingen,Waterhoogte in Oppervlaktewater t.o.v. Normaal Amsterdams Peil in cm,Gehele jaar,101,1231,Licht verhoogd (>190cm),190,220,4,3
vlaardingen,Waterhoogte in Oppervlaktewater t.o.v. Normaal Amsterdams Peil in cm,Gehele jaar,101,1231,Laagwater (< -74cm),,-74,6,4
vlaardingen,Waterhoogte in Oppervlaktewater t.o.v. Normaal Amsterdams Peil in cm,Gehele jaar,101,1231,Normaal (-74 tot 190cm),-74,190,5,5
vlaktevanderaan,Waterhoogte in Oppervlaktewater t.o.v. Normaal Amsterdams Peil in cm,Gehele jaar,101,1231,Verhoogd (>295cm),295,,3,2
vlaktevanderaan,Waterhoogte in Oppervlaktewater t.o.v. Normaal Amsterdams Peil in cm,Gehele jaar,101,1231,Licht verhoogd (>270cm),270,295,4,3
vlaktevanderaan,Waterhoogte in Oppervlaktewater t.o.v. Normaal Amsterdams Peil in cm,Gehele jaar,101,1231,Verlaagd (<-238cm),,-238,6,4
vlaktevanderaan,Waterhoogte in Oppervlaktewater t.o.v. Normaal Amsterdams Peil in cm,Gehele jaar,101,1231,Normaal (-238 tot 270cm),-238,270,5,5
vlieland.haven,Waterhoogte in Oppervlaktewater t.o.v. Normaal Amsterdams Peil in cm,Gehele jaar,101,1231,Extreem hoogwater (> 335cm),335,,1,0
vlieland.haven,Waterhoogte in Oppervlaktewater t.o.v. Normaal Amsterdams Peil in cm,Gehele jaar,101,1231,Stormvloed (> 275cm),275,335,2,1
vlieland.haven,Waterhoogte in Oppervlaktewater t.o.v. Normaal Amsterdams Peil in cm,Gehele jaar,101,1231,Verhoogde waterstand (> 215cm),215,275,3,2
vlieland.haven,Waterhoogte in Oppervlaktewater t.o.v. Normaal Amsterdams Peil in cm,Gehele jaar,101,1231,Licht verhoogd (>200cm),200,215,4,3
vlieland.haven,Waterhoogte in Oppervlaktewater t.o.v. Normaal Amsterdams Peil in cm,Gehele jaar,101,1231,Laagwater (< 148cm),,-148,6,4
vlieland.haven,Waterhoogte in Oppervlaktewater t.o.v. Normaal Amsterdams Peil in cm,Gehele jaar,101,1231,Normaal (-148 tot 200cm),-148,200,5,5
vlissingen,Waterhoogte in Oppervlaktewater t.o.v. Normaal Amsterdams Peil in cm,Gehele jaar,101,1231,Extreem hoogwater (> 410cm),410,,1,0
vlissingen,Waterhoogte in Oppervlaktewater t.o.v. Normaal Amsterdams Peil in cm,Gehele jaar,101,1231,Stormvloed (> 370cm),370,410,2,1
vlissingen,Waterhoogte in Oppervlaktewater t.o.v. Normaal Amsterdams Peil in cm,Gehele jaar,101,1231,Verhoogde waterstand (> 330cm),330,370,3,2
vlissingen,Waterhoogte in Oppervlaktewater t.o.v. Normaal Amsterdams Peil in cm,Gehele jaar,101,1231,Licht verhoogd (>310cm),309,330,4,3
vlissingen,Waterhoogte in Oppervlaktewater t.o.v. Normaal Amsterdams Peil in cm,Gehele jaar,101,1231,Laagwater (< -256cm),,-256,6,4
vlissingen,Waterhoogte in Oppervlaktewater t.o.v. Normaal Amsterdams Peil in cm,Gehele jaar,101,1231,Normaal (> -350cm),-256,309,5,5
waalwijk,Debiet in Oppervlaktewater in m3/s,Gehele jaar,101,1231,Verhoogde afvoer (>40m3/s),40,,3,2
waalwijk,Debiet in Oppervlaktewater in m3/s,Gehele jaar,101,1231,Licht verhoogd (>25m3/s),25,40,4,3
waalwijk,Debiet in Oppervlaktewater in m3/s,Gehele jaar,101,1231,Verlaagde afvoer (<-1m3/s),,-1,6,4
waalwijk,Debiet in Oppervlaktewater in m3/s,Gehele jaar,101,1231,Normaal (-1 tot 25m3/s),-1,25,5,5
waalwijk,Waterhoogte in Oppervlaktewater t.o.v. Normaal Amsterdams Peil in cm,Gehele jaar,101,1231,Extreem hoog (>410cm),410,,1,0
waalwijk,Waterhoogte in Oppervlaktewater t.o.v. Normaal Amsterdams Peil in cm,Gehele jaar,101,1231,Hoog water (>280cm),280,410,2,1
waalwijk,Waterhoogte in Oppervlaktewater t.o.v. Normaal Amsterdams Peil in cm,Gehele jaar,101,1231,Verhoogd (>240cm),240,280,3,2
waalwijk,Waterhoogte in Oppervlaktewater t.o.v. Normaal Amsterdams Peil in cm,Gehele jaar,101,1231,Licht verhoogd (>230cm),230,240,4,3
waalwijk,Waterhoogte in Oppervlaktewater t.o.v. Normaal Amsterdams Peil in cm,Gehele jaar,101,1231,Verlaagd (<150cm),,150,6,4
waalwijk,Waterhoogte in Oppervlaktewater t.o.v. Normaal Amsterdams Peil in cm,Gehele jaar,101,1231,Normaal (150 tot 230cm),150,230,5,5
walsoorden,Waterhoogte in Oppervlaktewater t.o.v. Normaal Amsterdams Peil in cm,Gehele jaar,101,1231,Verhoogd (>375cm),375,,3,2
walsoorden,Waterhoogte in Oppervlaktewater t.o.v. Normaal Amsterdams Peil in cm,Gehele jaar,101,1231,Licht verhoogd (>360cm),360,375,4,3
walsoorden,Waterhoogte in Oppervlaktewater t.o.v. Normaal Amsterdams Peil in cm,Gehele jaar,101,1231,Verlaagd (<-286cm),,-286,6,4
walsoorden,Waterhoogte in Oppervlaktewater t.o.v. Normaal Amsterdams Peil in cm,Gehele jaar,101,1231,Normaal (-286 tot 375cm),-286,375,5,5
weert.lozen,Debiet in Oppervlaktewater in m3/s,Gehele jaar,101,1231,Verhoogde afvoer (>20m3/s),20,,3,2
weert.lozen,Debiet in Oppervlaktewater in m3/s,Gehele jaar,101,1231,Verlaagde afvoer (<5m3/s),,5,6,4
weert.lozen,Debiet in Oppervlaktewater in m3/s,Gehele jaar,101,1231,Normale afvoer (5 tot 20m3/s),5,20,5,5
weert.lozen,Waterhoogte in Oppervlaktewater t.o.v. Normaal Amsterdams Peil in cm,Gehele jaar,101,1231,Verhoogde waterstand (>3600cm),3600,,3,2
weert.lozen,Waterhoogte in Oppervlaktewater t.o.v. Normaal Amsterdams Peil in cm,Gehele jaar,101,1231,Licht verhoogd (>3583cm),3584,3600,4,3
weert.lozen,Waterhoogte in Oppervlaktewater t.o.v. Normaal Amsterdams Peil in cm,Gehele jaar,101,1231,Verlaagde waterstand (<3555cm),,3554,6,4
weert.lozen,Waterhoogte in Oppervlaktewater t.o.v. Normaal Amsterdams Peil in cm,Gehele jaar,101,1231,Normaal (3555 tot 3583cm),3554,3584,5,5
weert.lozen,Waterhoogte in Oppervlaktewater t.o.v. Normaal Amsterdams Peil in cm,Gehele jaar,101,1231,Streefpeil (3568cm),3568,3568,0,10
weert.sluis16.beneden,Waterhoogte in Oppervlaktewater t.o.v. Normaal Amsterdams Peil in cm,Gehele jaar,101,1231,Verhoogde waterstand (>3400cm),3400,,3,2
weert.sluis16.beneden,Waterhoogte in Oppervlaktewater t.o.v. Normaal Amsterdams Peil in cm,Gehele jaar,101,1231,Licht verhoogd (>3376cm),3377,3400,4,3
weert.sluis16.beneden,Waterhoogte in Oppervlaktewater t.o.v. Normaal Amsterdams Peil in cm,Gehele jaar,101,1231,Verlaagde waterstand (<3347cm),,3347,6,4
weert.sluis16.beneden,Waterhoogte in Oppervlaktewater t.o.v. Normaal Amsterdams Peil in cm,Gehele jaar,101,1231,Normaal (3347-3376cm),3347,3377,5,5
weert.sluis16.beneden,Waterhoogte in Oppervlaktewater t.o.v. Normaal Amsterdams Peil in cm,Gehele jaar,101,1231,Streefpeil (3361cm),3361,3361,0,10
weert.sluis16.boven,Waterhoogte in Oppervlaktewater t.o.v. Normaal Amsterdams Peil in cm,Gehele jaar,101,1231,Verhoogde waterstand (>3600cm),3600,,3,2
weert.sluis16.boven,Waterhoogte in Oppervlaktewater t.o.v. Normaal Amsterdams Peil in cm,Gehele jaar,101,1231,Licht verhoogd (>3583cm),3583,3600,4,3
weert.sluis16.boven,Waterhoogte in Oppervlaktewater t.o.v. Normaal Amsterdams Peil in cm,Gehele jaar,101,1231,Verlaagde waterstand (<3555cm),,3555,6,4
weert.sluis16.boven,Waterhoogte in Oppervlaktewater t.o.v. Normaal Amsterdams Peil in cm,Gehele jaar,101,1231,Normale waterstand (3555 tot 3583cm),3555,3583,5,5
weert.sluis16.boven,Waterhoogte in Oppervlaktewater t.o.v. Normaal Amsterdams Peil in cm,Gehele jaar,101,1231,Streefpeil (3568cm),3568,3568,0,10
weesp.amsterdamrijnkanaal,Waterhoogte in Oppervlaktewater t.o.v. Normaal Amsterdams Peil in cm,Gehele jaar,101,1231,Extreem hoogwater (> 0cm),0,,1,0
weesp.amsterdamrijnkanaal,Waterhoogte in Oppervlaktewater t.o.v. Normaal Amsterdams Peil in cm,Gehele jaar,101,1231,Hoogwater (> -15cm),-14,0,2,1
weesp.amsterdamrijnkanaal,Waterhoogte in Oppervlaktewater t.o.v. Normaal Amsterdams Peil in cm,Gehele jaar,101,1231,Verhoogde waterstand (> -25cm),-24,-14,3,2
weesp.amsterdamrijnkanaal,Waterhoogte in Oppervlaktewater t.o.v. Normaal Amsterdams Peil in cm,Gehele jaar,101,1231,Licht verhoogd (>-30cm),-30,-24,4,3
weesp.amsterdamrijnkanaal,Waterhoogte in Oppervlaktewater t.o.v. Normaal Amsterdams Peil in cm,Gehele jaar,101,1231,Laagwater (< -55cm),,-55,6,4
weesp.amsterdamrijnkanaal,Waterhoogte in Oppervlaktewater t.o.v. Normaal Amsterdams Peil in cm,Gehele jaar,101,1231,Normaal (-55 tot -30cm),-55,-30,5,5
weesp.amsterdamrijnkanaal,Waterhoogte in Oppervlaktewater t.o.v. Normaal Amsterdams Peil in cm,Gehele jaar,101,1231,Streefpeil (-40cm),-40,-40,0,10
well,Waterhoogte in Oppervlaktewater t.o.v. Normaal Amsterdams Peil in cm,Gehele jaar,101,1231,Extreem hoogwater (> 1500cm),1500,,1,0
well,Waterhoogte in Oppervlaktewater t.o.v. Normaal Amsterdams Peil in cm,Gehele jaar,101,1231,Hoogwater (> 1430cm),1430,1500,2,1
well,Waterhoogte in Oppervlaktewater t.o.v. Normaal Amsterdams Peil in cm,Gehele jaar,101,1231,Verhoogde waterstand (> 1260cm),1275,1430,3,2
well,Waterhoogte in Oppervlaktewater t.o.v. Normaal Amsterdams Peil in cm,Gehele jaar,101,1231,Licht verhoogd (>1190cm),1190,1275,4,3
well,Waterhoogte in Oppervlaktewater t.o.v. Normaal Amsterdams Peil in cm,Gehele jaar,101,1231,Verlaagde waterstand(< 1105cm),,1105,6,4
well,Waterhoogte in Oppervlaktewater t.o.v. Normaal Amsterdams Peil in cm,Gehele jaar,101,1231,Normaal (1105 tot 1190cm),1105,1190,5,5
werkendam.nieuwemerwede,Waterhoogte in Oppervlaktewater t.o.v. Normaal Amsterdams Peil in cm,Gehele jaar,101,1231,Extreem hoogwater (> 300cm),300,,1,0
werkendam.nieuwemerwede,Waterhoogte in Oppervlaktewater t.o.v. Normaal Amsterdams Peil in cm,Gehele jaar,101,1231,Hoogwater / Stormvloed (> 250cm),250,300,2,1
werkendam.nieuwemerwede,Waterhoogte in Oppervlaktewater t.o.v. Normaal Amsterdams Peil in cm,Gehele jaar,101,1231,Verhoogde waterstand (> 200cm),200,250,3,2
werkendam.nieuwemerwede,Waterhoogte in Oppervlaktewater t.o.v. Normaal Amsterdams Peil in cm,Gehele jaar,101,1231,Licht verhoogd (>170cm),170,200,4,3
werkendam.nieuwemerwede,Waterhoogte in Oppervlaktewater t.o.v. Normaal Amsterdams Peil in cm,Gehele jaar,101,1231,Laagwater (< 10cm),,10,6,4
werkendam.nieuwemerwede,Waterhoogte in Oppervlaktewater t.o.v. Normaal Amsterdams Peil in cm,Gehele jaar,101,1231,Normaal (10 tot 170cm),10,170,5,5
westervoort.1,Debiet in Oppervlaktewater in m3/s,Gehele jaar,101,1231,Verhoogde afvoer (>700m3/s),700,,3,2
westervoort.1,Debiet in Oppervlaktewater in m3/s,Gehele jaar,101,1231,Licht verhoogd (>590 m3/s),590,700,4,3
westervoort.1,Debiet in Oppervlaktewater in m3/s,Gehele jaar,101,1231,Verlaagde afvoer (<170m3/s),,170,6,4
westervoort.1,Debiet in Oppervlaktewater in m3/s,Gehele jaar,101,1231,Normaal (170 tot 590m3/s),170,590,5,5
westervoort.2,Waterhoogte in Oppervlaktewater t.o.v. Normaal Amsterdams Peil in cm,Gehele jaar,101,1231,Extreem hoogwater (>1325cm),1325,,1,0
westervoort.2,Waterhoogte in Oppervlaktewater t.o.v. Normaal Amsterdams Peil in cm,Gehele jaar,101,1231,Hoogwater (>1235cm),1235,1325,2,1
westervoort.2,Waterhoogte in Oppervlaktewater t.o.v. Normaal Amsterdams Peil in cm,Gehele jaar,101,1231,Verhoogde waterstand (>1095cm),1095,1235,3,2
westervoort.2,Waterhoogte in Oppervlaktewater t.o.v. Normaal Amsterdams Peil in cm,Gehele jaar,101,1231,Licht verhoogd (>1020cm),1020,1095,4,3
westervoort.2,Waterhoogte in Oppervlaktewater t.o.v. Normaal Amsterdams Peil in cm,Gehele jaar,101,1231,Verlagde waterstand (<645cm),,645,6,4
westervoort.2,Waterhoogte in Oppervlaktewater t.o.v. Normaal Amsterdams Peil in cm,Gehele jaar,101,1231,Normaal (645 tot 1020cm),645,1020,5,5
westervoort.ijsselkop,Waterhoogte in Oppervlaktewater t.o.v. Normaal Amsterdams Peil in cm,Gehele jaar,101,1231,Extreem hoogwater (> 1385cm),1385,,1,0
westervoort.ijsselkop,Waterhoogte in Oppervlaktewater t.o.v. Normaal Amsterdams Peil in cm,Gehele jaar,101,1231,Hoogwater (> 1275cm),1275,1385,2,1
westervoort.ijsselkop,Waterhoogte in Oppervlaktewater t.o.v. Normaal Amsterdams Peil in cm,Gehele jaar,101,1231,Verhoogde waterstand (> 1130cm),1130,1275,3,2
westervoort.ijsselkop,Waterhoogte in Oppervlaktewater t.o.v. Normaal Amsterdams Peil in cm,Gehele jaar,101,1231,Licht verhoogd (>1050cm),1050,1130,4,3
westervoort.ijsselkop,Waterhoogte in Oppervlaktewater t.o.v. Normaal Amsterdams Peil in cm,Gehele jaar,101,1231,Verlaagde waterstand(< 680cm),,680,6,4
westervoort.ijsselkop,Waterhoogte in Oppervlaktewater t.o.v. Normaal Amsterdams Peil in cm,Gehele jaar,101,1231,Normaal (680 tot 1050cm),680,1050,5,5
westkapelle,Waterhoogte in Oppervlaktewater t.o.v. Normaal Amsterdams Peil in cm,Gehele jaar,101,1231,Extreem hoogwater (> 400cm),400,,1,0
westkapelle,Waterhoogte in Oppervlaktewater t.o.v. Normaal Amsterdams Peil in cm,Gehele jaar,101,1231,Stormvloed (> 350cm),350,400,2,1
westkapelle,Waterhoogte in Oppervlaktewater t.o.v. Normaal Amsterdams Peil in cm,Gehele jaar,101,1231,Verhoogde waterstand (> 310cm),310,350,3,2
westkapelle,Waterhoogte in Oppervlaktewater t.o.v. Normaal Amsterdams Peil in cm,Gehele jaar,101,1231,Licht verhoogd (>290cm),290,310,4,3
westkapelle,Waterhoogte in Oppervlaktewater t.o.v. Normaal Amsterdams Peil in cm,Gehele jaar,101,1231,Laagwater (< -220cm),,-220,6,4
westkapelle,Waterhoogte in Oppervlaktewater t.o.v. Normaal Amsterdams Peil in cm,Gehele jaar,101,1231,Normaal (-220 tot 290cm),-220,290,5,5
wierumergronden,Waterhoogte in Oppervlaktewater t.o.v. Normaal Amsterdams Peil in cm,Gehele jaar,101,1231,Extreem hoogwater (>335cm),335,,1,0
wierumergronden,Waterhoogte in Oppervlaktewater t.o.v. Normaal Amsterdams Peil in cm,Gehele jaar,101,1231,Stormvloed (>275cm),275,335,2,1
wierumergronden,Waterhoogte in Oppervlaktewater t.o.v. Normaal Amsterdams Peil in cm,Gehele jaar,101,1231,Verhoogde waterstand (>215cm),215,275,3,2
wierumergronden,Waterhoogte in Oppervlaktewater t.o.v. Normaal Amsterdams Peil in cm,Gehele jaar,101,1231,Licht verhoogd (>200cm),200,215,4,3
wierumergronden,Waterhoogte in Oppervlaktewater t.o.v. Normaal Amsterdams Peil in cm,Gehele jaar,101,1231,Verlaagde waterstand (<-153cm),,-153,6,4
wierumergronden,Waterhoogte in Oppervlaktewater t.o.v. Normaal Amsterdams Peil in cm,Gehele jaar,101,1231,Normale waterstand (-153 tot 200cm),-153,200,5,5
wijhe,Waterhoogte in Oppervlaktewater t.o.v. Normaal Amsterdams Peil in cm,Gehele jaar,101,1231,Extreem hoogwater (> 525cm),525,,1,0
wijhe,Waterhoogte in Oppervlaktewater t.o.v. Normaal Amsterdams Peil in cm,Gehele jaar,101,1231,Hoogwater (> 445cm),445,525,2,1
wijhe,Waterhoogte in Oppervlaktewater t.o.v. Normaal Amsterdams Peil in cm,Gehele jaar,101,1231,Verhoogde waterstand (> 360cm),360,445,3,2
wijhe,Waterhoogte in Oppervlaktewater t.o.v. Normaal Amsterdams Peil in cm,Gehele jaar,101,1231,Licht verhoogd (>285cm),285,360,4,3
wijhe,Waterhoogte in Oppervlaktewater t.o.v. Normaal Amsterdams Peil in cm,Gehele jaar,101,1231,Verlaagde waterstand(< 40cm),,40,6,4
wijhe,Waterhoogte in Oppervlaktewater t.o.v. Normaal Amsterdams Peil in cm,Gehele jaar,101,1231,Normaal (40 tot 285cm),40,285,5,5
wijkbijduurstede.amsterdamrijnkanaal,Waterhoogte in Oppervlaktewater t.o.v. Normaal Amsterdams Peil in cm,Gehele jaar,101,1231,Extreem hoogwater (> 20cm),20,,1,0
wijkbijduurstede.amsterdamrijnkanaal,Waterhoogte in Oppervlaktewater t.o.v. Normaal Amsterdams Peil in cm,Gehele jaar,101,1231,Hoogwater (> 0cm),0,20,2,1
wijkbijduurstede.amsterdamrijnkanaal,Waterhoogte in Oppervlaktewater t.o.v. Normaal Amsterdams Peil in cm,Gehele jaar,101,1231,Verhoogde waterstand (> -20cm),-19,0,3,2
wijkbijduurstede.amsterdamrijnkanaal,Waterhoogte in Oppervlaktewater t.o.v. Normaal Amsterdams Peil in cm,Gehele jaar,101,1231,Licht verhoogd (>-30cm),-29,-19,4,3
wijkbijduurstede.amsterdamrijnkanaal,Waterhoogte in Oppervlaktewater t.o.v. Normaal Amsterdams Peil in cm,Gehele jaar,101,1231,Laagwater (< -55cm),,-55,6,4
wijkbijduurstede.amsterdamrijnkanaal,Waterhoogte in Oppervlaktewater t.o.v. Normaal Amsterdams Peil in cm,Gehele jaar,101,1231,Normaal (-55 tot -30cm),-55,-29,5,5
wijkbijduurstede.amsterdamrijnkanaal,Waterhoogte in Oppervlaktewater t.o.v. Normaal Amsterdams Peil in cm,Gehele jaar,101,1231,Streefpeil (-40cm),-40,-40,0,10
willemstad.hollandschdiep,Waterhoogte in Oppervlaktewater t.o.v. Normaal Amsterdams Peil in cm,Gehele jaar,101,1231,Extreem hoogwater (> 225cm),225,,1,0
willemstad.hollandschdiep,Waterhoogte in Oppervlaktewater t.o.v. Normaal Amsterdams Peil in cm,Gehele jaar,101,1231,Hoogwater / Stormvloed (> 200cm),200,225,2,1
willemstad.hollandschdiep,Waterhoogte in Oppervlaktewater t.o.v. Normaal Amsterdams Peil in cm,Gehele jaar,101,1231,Verhoogde waterstand (> 175cm),175,200,3,2
willemstad.hollandschdiep,Waterhoogte in Oppervlaktewater t.o.v. Normaal Amsterdams Peil in cm,Gehele jaar,101,1231,Laagwater (< 0cm),,0,6,4
willemstad.hollandschdiep,Waterhoogte in Oppervlaktewater t.o.v. Normaal Amsterdams Peil in cm,Gehele jaar,101,1231,Normaal (> 0cm),0,175,5,5
willemstad.volkerak,Waterhoogte in Oppervlaktewater t.o.v. Normaal Amsterdams Peil in cm,Gehele jaar,101,1231,Extreem hoogwater (>180cm),180,,1,0
willemstad.volkerak,Waterhoogte in Oppervlaktewater t.o.v. Normaal Amsterdams Peil in cm,Gehele jaar,101,1231,Hoogwater (>50cm),50,180,2,1
willemstad.volkerak,Waterhoogte in Oppervlaktewater t.o.v. Normaal Amsterdams Peil in cm,Gehele jaar,101,1231,Verhoogde waterstand (>30cm),30,50,3,2
willemstad.volkerak,Waterhoogte in Oppervlaktewater t.o.v. Normaal Amsterdams Peil in cm,Gehele jaar,101,1231,Licht verhoogd (>20cm),20,30,4,3
willemstad.volkerak,Waterhoogte in Oppervlaktewater t.o.v. Normaal Amsterdams Peil in cm,Gehele jaar,101,1231,Verlaagd (<-10cm),,-11,6,4
willemstad.volkerak,Waterhoogte in Oppervlaktewater t.o.v. Normaal Amsterdams Peil in cm,Gehele jaar,101,1231,Normaal (-10 tot 20cm),-11,20,5,5
yerseke,Waterhoogte in Oppervlaktewater t.o.v. Normaal Amsterdams Peil in cm,Gehele jaar,101,1231,Extreem hoogwater (>370cm),370,,1,0
yerseke,Waterhoogte in Oppervlaktewater t.o.v. Normaal Amsterdams Peil in cm,Gehele jaar,101,1231,Stormvloed (>340cm),340,370,2,1
yerseke,Waterhoogte in Oppervlaktewater t.o.v. Normaal Amsterdams Peil in cm,Gehele jaar,101,1231,Verhoogd (>310cm),310,340,3,2
yerseke,Waterhoogte in Oppervlaktewater t.o.v. Normaal Amsterdams Peil in cm,Gehele jaar,101,1231,Licht verhoogd (>290cm),290,310,4,3
yerseke,Waterhoogte in Oppervlaktewater t.o.v. Normaal Amsterdams Peil in cm,Gehele jaar,101,1231,Verlaagd (<-204cm),,-204,6,4
yerseke,Waterhoogte in Oppervlaktewater t.o.v. Normaal Amsterdams Peil in cm,Gehele jaar,101,1231,Normaal (-204 tot 290cm),-204,290,5,5
zaltbommel,Waterhoogte in Oppervlaktewater t.o.v. Normaal Amsterdams Peil in cm,Gehele jaar,101,1231,Extreem hoogwater (> 745cm),745,,1,0
zaltbommel,Waterhoogte in Oppervlaktewater t.o.v. Normaal Amsterdams Peil in cm,Gehele jaar,101,1231,Hoogwater (> 625cm),625,745,2,1
zaltbommel,Waterhoogte in Oppervlaktewater t.o.v. Normaal Amsterdams Peil in cm,Gehele jaar,101,1231,Verhoogde waterstand (> 475cm),475,625,3,2
zaltbommel,Waterhoogte in Oppervlaktewater t.o.v. Normaal Amsterdams Peil in cm,Gehele jaar,101,1231,Licht verhoogd (>410cm),410,475,4,3
zaltbommel,Waterhoogte in Oppervlaktewater t.o.v. Normaal Amsterdams Peil in cm,Gehele jaar,101,1231,Laagwater (< 70cm),,70,6,4
zaltbommel,Waterhoogte in Oppervlaktewater t.o.v. Normaal Amsterdams Peil in cm,Gehele jaar,101,1231,Normaal (> 70cm),70,410,5,5
zuidland.spui,Waterhoogte in Oppervlaktewater t.o.v. Normaal Amsterdams Peil in cm,Gehele jaar,101,1231,Verhoogd (>145cm),145,,3,2
zuidland.spui,Waterhoogte in Oppervlaktewater t.o.v. Normaal Amsterdams Peil in cm,Gehele jaar,101,1231,Verlaagd (<0cm),,0,6,4
zuidland.spui,Waterhoogte in Oppervlaktewater t.o.v. Normaal Amsterdams Peil in cm,Gehele jaar,101,1231,Normaal (0 tot 145cm),0,145,5,5
zutphen.ijssel,Waterhoogte in Oppervlaktewater t.o.v. Normaal Amsterdams Peil in cm,Gehele jaar,101,1231,Extreem hoogwater (> 820cm),820,,1,0
zutphen.ijssel,Waterhoogte in Oppervlaktewater t.o.v. Normaal Amsterdams Peil in cm,Gehele jaar,101,1231,Hoogwater (> 765cm),765,820,2,1
zutphen.ijssel,Waterhoogte in Oppervlaktewater t.o.v. Normaal Amsterdams Peil in cm,Gehele jaar,101,1231,Verhoogde waterstand (> 695cm),695,765,3,2
zutphen.ijssel,Waterhoogte in Oppervlaktewater t.o.v. Normaal Amsterdams Peil in cm,Gehele jaar,101,1231,Licht verhoogd (>640cm),640,695,4,3
zutphen.ijssel,Waterhoogte in Oppervlaktewater t.o.v. Normaal Amsterdams Peil in cm,Gehele jaar,101,1231,Verlaagde waterstand(< 260cm),,260,6,4
zutphen.ijssel,Waterhoogte in Oppervlaktewater t.o.v. Normaal Amsterdams Peil in cm,Gehele jaar,101,1231,Normaal (260 tot 640cm),260,640,5,5
zwartsluis.meppelerdiep,Debiet in Oppervlaktewater in m3/s,Gehele jaar,101,1231,Hoge afvoer (>120m3/s),120,,2,1
zwartsluis.meppelerdiep,Debiet in Oppervlaktewater in m3/s,Gehele jaar,101,1231,Verhoogde afvoer (>75m3/s),75,120,3,2
zwartsluis.meppelerdiep,Debiet in Oppervlaktewater in m3/s,Gehele jaar,101,1231,Licht verhoogd (>50m3/s),50,75,4,3
zwartsluis.meppelerdiep,Debiet in Oppervlaktewater in m3/s,Gehele jaar,101,1231,Verhoogde aanvoer (>40m3/s),,-40,6,4
zwartsluis.meppelerdiep,Debiet in Oppervlaktewater in m3/s,Gehele jaar,101,1231,Normaal (-40 tot 50m3/s),-40,50,5,5
zwartsluis.meppelerdiep,Waterhoogte in Oppervlaktewater t.o.v. Normaal Amsterdams Peil in cm,Gehele jaar,101,1231,Extreem hoogwater (>100cm),100,,1,0
zwartsluis.meppelerdiep,Waterhoogte in Oppervlaktewater t.o.v. Normaal Amsterdams Peil in cm,Gehele jaar,101,1231,Hoogwater (>70cm),70,100,2,1
zwartsluis.meppelerdiep,Waterhoogte in Oppervlaktewater t.o.v. Normaal Amsterdams Peil in cm,Gehele jaar,101,1231,Verhoogde waterstand (>47cm),47,70,3,2
zwartsluis.meppelerdiep,Waterhoogte in Oppervlaktewater t.o.v. Normaal Amsterdams Peil in cm,Gehele jaar,101,1231,Licht verhoogd (>40cm),40,47,4,3
zwartsluis.meppelerdiep,Waterhoogte in Oppervlaktewater t.o.v. Normaal Amsterdams Peil in cm,Gehele jaar,101,1231,Verlaagde waterstand (< -52cm),,-52,6,4
zwartsluis.meppelerdiep,Waterhoogte in Oppervlaktewater t.o.v. Normaal Amsterdams Peil in cm,Gehele jaar,101,1231,Normaal (-52 tot 40cm),-52,40,5,5
zwartsluis.zwartewater,Waterhoogte in Oppervlaktewater t.o.v. Normaal Amsterdams Peil in cm,Gehele jaar,101,1231,Hoogwater (>150cm),150,,2,1
zwartsluis.zwartewater,Waterhoogte in Oppervlaktewater t.o.v. Normaal Amsterdams Peil in cm,Gehele jaar,101,1231,Verhoogde waterstand (>47cm),47,150,3,2
zwartsluis.zwartewater,Waterhoogte in Oppervlaktewater t.o.v. Normaal Amsterdams Peil in cm,Gehele jaar,101,1231,Licht verhoogd (>30cm),30,47,4,3
zwartsluis.zwartewater,Waterhoogte in Oppervlaktewater t.o.v. Normaal Amsterdams Peil in cm,Gehele jaar,101,1231,Verlaagde waterstand (< -50cm),,-50,6,4
zwartsluis.zwartewater,Waterhoogte in Oppervlaktewater t.o.v. Normaal Amsterdams Peil in cm,Gehele jaar,101,1231,Normaal (-50 tot 30cm),-50,30,5,5
zwolle.ijssel,Waterhoogte in Oppervlaktewater t.o.v. Normaal Amsterdams Peil in cm,Gehele jaar,101,1231,Extreem hoogwater (> 360cm),360,,1,0
zwolle.ijssel,Waterhoogte in Oppervlaktewater t.o.v. Normaal Amsterdams Peil in cm,Gehele jaar,101,1231,Hoogwater (> 280cm),280,360,2,1
zwolle.ijssel,Waterhoogte in Oppervlaktewater t.o.v. Normaal Amsterdams Peil in cm,Gehele jaar,101,1231,Verhoogde waterstand (> 195cm),195,280,3,2
zwolle.ijssel,Waterhoogte in Oppervlaktewater t.o.v. Normaal Amsterdams Peil in cm,Gehele jaar,101,1231,Licht verhoogd (>155cm),155,195,4,3
zwolle.ijssel,Waterhoogte in Oppervlaktewater t.o.v. Normaal Amsterdams Peil in cm,Gehele jaar,101,1231,Laagwater (< -15cm),,-15,6,4
zwolle.ijssel,Waterhoogte in Oppervlaktewater t.o.v. Normaal Amsterdams Peil in cm,Gehele jaar,101,1231,Normaal (-15 tot 155cm),-15,155,5,5
zwolle.zwartewater.kanaal,Waterhoogte in Oppervlaktewater t.o.v. Normaal Amsterdams Peil in cm,Gehele jaar,101,1231,Hoogwater (>175cm),175,,2,1
zwolle.zwartewater.kanaal,Waterhoogte in Oppervlaktewater t.o.v. Normaal Amsterdams Peil in cm,Gehele jaar,101,1231,Verhoogd (>110cm),110,175,3,2
zwolle.zwartewater.kanaal,Waterhoogte in Oppervlaktewater t.o.v. Normaal Amsterdams Peil in cm,Gehele jaar,101,1231,Licht verhoogd (>60cm),60,110,4,3
zwolle.zwartewater.kanaal,Waterhoogte in Oppervlaktewater t.o.v. Normaal Amsterdams Peil in cm,Gehele jaar,101,1231,Verlaagd (<-65cm),,-65,6,4
zwolle.zwartewater.kanaal,Waterhoogte in Oppervlaktewater t.o.v. Normaal Amsterdams Peil in cm,Gehele jaar,101,1231,Normaal (-65 tot 60cm),-65,60,5,5
